,Name,Rating,Num_Ratings,Price,Id,Status,AscLoc,BusTypes,Hours,Avg_Close,Avg_Open
0,Café Soleil at Eskenazi Health,4.6,37.0,1.25,ChIJ3Z7ruzdXa4gRNsIfdlPQ5R4,CLOSED_TEMPORARILY,IUPUI,[],"[['none', 'none'], ['none', 'none'], ['none', 'none'], ['none', 'none'], ['none', 'none'], ['none', 'none'], ['none', 'none']]",21.36332417582418,9.732600732600734
1,Farmer's Fridge,4.5,2.0,1.25,ChIJtXOEuipXa4gRN_AKkdHuXWI,OPERATIONAL,IUPUI,[],"[['00:00', 'none']]",30.0,0.0
2,Ingram Micro Mobility Marketplace at Eskenazi Health,4.6,7.0,1.25,ChIJoawzbTdXa4gRklpVautN-Ko,OPERATIONAL,IUPUI,[],"[['06:00', '02:00'], ['06:00', '02:00']]",26.0,6.0
3,Farmer's Fridge,4.098113207547169,286.9433962264151,1.25,ChIJXWWxhStXa4gRLaXQ8DswcMw,OPERATIONAL,IUPUI,[],"[['00:00', 'none']]",30.0,0.0
4,Boar's Head Bistro,4.098113207547169,286.9433962264151,1.25,ChIJHznwGgtXa4gRvz1_0UfZfzw,OPERATIONAL,IUPUI,[],"[['none', 'none'], ['none', 'none'], ['none', 'none'], ['none', 'none'], ['none', 'none'], ['none', 'none'], ['none', 'none']]",21.36332417582418,9.732600732600734
5,Taqueria Mi Costa,4.4,144.0,1.25,ChIJp2BKuWhXa4gRA_tH_dQsRac,OPERATIONAL,IUPUI,[],"[['12:00', '23:00'], ['11:00', '23:00'], ['11:00', '23:00'], ['11:00', '23:00'], ['11:00', '23:00'], ['11:00', '23:00']]",23.0,11.166666666666666
6,Chick-fil-A,4.1,147.0,1.0,ChIJCU2YMTRXa4gRORHJl4ZGpog,OPERATIONAL,IUPUI,[],"[['10:00', '18:00'], ['10:00', '18:00'], ['10:00', '18:00'], ['10:00', '18:00'], ['10:00', '18:00']]",18.0,10.0
7,Pizza Hut Express,2.4,5.0,1.0,ChIJbTI7Y3dXa4gRH4ooLT42y9A,OPERATIONAL,IUPUI,[],"[['none', 'none'], ['none', 'none'], ['none', 'none'], ['none', 'none'], ['none', 'none'], ['none', 'none'], ['none', 'none']]",21.36332417582418,9.732600732600734
8,Caribou Coffee,4.3,39.0,2.0,ChIJU2bspUpXa4gRTABNRuHfYLU,OPERATIONAL,IUPUI,"['cafe', 'store']","[['07:00', '18:00'], ['07:00', '18:00'], ['07:00', '18:00'], ['07:00', '18:00'], ['07:00', '15:00']]",17.4,7.0
9,Erbert & Gerbert's Sandwich Shop,4.0,9.0,1.0,ChIJJbJQo0pXa4gR3_c7xwk58kM,OPERATIONAL,IUPUI,[],"[['10:30', '14:00'], ['10:30', '14:00'], ['10:30', '14:00'], ['10:30', '14:00'], ['10:30', '14:00']]",14.0,10.5
10,Panda Express,2.3,3.0,1.0,ChIJC1_HP7JXa4gRcADvZKb6L_Q,OPERATIONAL,IUPUI,[],"[['none', 'none'], ['none', 'none'], ['none', 'none'], ['none', 'none'], ['none', 'none'], ['none', 'none'], ['none', 'none']]",21.36332417582418,9.732600732600734
11,West Side Café,3.7,11.0,1.25,ChIJwaf1kU5Xa4gRtWNzVLuqcq8,OPERATIONAL,IUPUI,[],"[['11:00', '21:00'], ['11:00', '21:00'], ['11:00', '21:00'], ['11:00', '21:00'], ['11:00', '21:00'], ['11:00', '21:00'], ['11:00', '21:00']]",21.0,11.0
12,Simply PUUR,3.4,5.0,1.25,ChIJ-ZuzubNXa4gRQrx3V5ccfzg,OPERATIONAL,IUPUI,[],"[['12:00', '22:00'], ['07:00', '19:00'], ['07:00', '19:00'], ['07:00', '19:00'], ['10:30', '19:00'], ['07:00', '19:00'], ['12:00', '22:00']]",19.857142857142858,8.928571428571429
13,Antojitos Carmen Restaurant & Taqueria,4.6,89.0,1.25,ChIJQbnPxWZXa4gRFNgp4y9NBlk,OPERATIONAL,IUPUI,[],"[['10:00', '17:00'], ['10:00', '19:00'], ['10:00', '19:00'], ['10:00', '19:00'], ['10:00', '19:00'], ['10:00', '17:00']]",18.333333333333332,10.0
14,Gourmet Grill,2.3,3.0,1.25,ChIJlQbGKUxXa4gRegV6S5T6kO0,OPERATIONAL,IUPUI,['store'],"[['11:00', '21:00'], ['11:00', '21:00'], ['11:00', '21:00'], ['11:00', '21:00'], ['11:00', '21:00'], ['11:00', '21:00'], ['11:00', '21:00']]",21.0,11.0
15,Chancellor's Restaurant,4.0,20.0,2.0,ChIJv4pPncpQa4gRpmOWYiDoUKo,OPERATIONAL,IUPUI,[],"[['10:30', '21:00'], ['10:30', '21:00'], ['10:30', '21:00'], ['10:30', '21:00'], ['10:30', '18:00']]",20.4,10.5
16,The Den by Denny's,4.3,51.0,1.25,ChIJY6YPyMpQa4gRaciM1hF4o8Y,OPERATIONAL,IUPUI,[],"[['none', 'none'], ['none', 'none'], ['none', 'none'], ['none', 'none'], ['none', 'none'], ['none', 'none'], ['none', 'none']]",21.36332417582418,9.732600732600734
17,Farmer's Fridge,4.098113207547169,286.9433962264151,1.25,ChIJIRe3PiJRa4gRc6sLKM4T76M,OPERATIONAL,IUPUI,[],"[['00:00', 'none']]",30.0,0.0
18,Farmer's Fridge,4.098113207547169,286.9433962264151,1.25,ChIJ9cfmOFlRa4gRS1k1jWAZzYE,OPERATIONAL,IUPUI,[],"[['08:00', '18:00'], ['08:00', '18:00'], ['08:00', '18:00'], ['08:00', '18:00'], ['08:00', '18:00']]",18.0,8.0
19,Working Man's Friend,4.6,826.0,1.0,ChIJXwHvjWlXa4gR9JPPJwJXC1k,OPERATIONAL,IUPUI,['bar'],"[['11:00', '15:00'], ['11:00', '15:00'], ['11:00', '15:00'], ['11:00', '20:00'], ['11:00', '15:00']]",16.0,11.0
20,Prodigy Burger Bar,4.4,29.0,1.0,ChIJoVsG8nNRa4gRe6MYrVxu1Eo,OPERATIONAL,IUPUI,[],"[['11:00', '21:00'], ['11:00', '21:00'], ['11:00', '21:00'], ['11:00', '21:00'], ['11:00', '21:00'], ['11:00', '22:00'], ['11:00', '22:00']]",21.285714285714285,11.0
21,Ali'i Poke - Downtown Indy,4.8,436.0,1.0,ChIJb0IXxsxQa4gRNvKRylj8G1g,OPERATIONAL,IUPUI,[],"[['11:00', '21:00'], ['11:00', '21:00'], ['11:00', '21:00'], ['11:00', '21:00'], ['11:00', '21:00'], ['11:00', '22:00'], ['11:00', '22:00']]",21.285714285714285,11.0
22,Yats,4.7,455.0,1.0,ChIJb0IWysxQa4gR9t3MinPlYAs,OPERATIONAL,IUPUI,[],"[['11:00', '20:00'], ['11:00', '20:00'], ['11:00', '20:00'], ['11:00', '20:00'], ['11:00', '20:00'], ['11:00', '20:00']]",20.0,11.0
23,LAS TINAJITAS MEXICAN RESTAURANT,4.4,96.0,1.25,ChIJze3i0iZXa4gRs5RyLTj7W4I,OPERATIONAL,IUPUI,[],"[['10:00', '21:00'], ['10:00', '21:00'], ['10:00', '21:00'], ['10:00', '21:00'], ['10:00', '21:00'], ['10:00', '21:00']]",21.0,10.0
24,Taco Bell,3.1,1255.0,1.0,ChIJ6xRMmsxQa4gRnUQ_YpJ6cOA,OPERATIONAL,IUPUI,[],"[['09:00', '02:00'], ['09:00', '02:00'], ['09:00', '02:00'], ['09:00', '02:00'], ['09:00', '03:00'], ['09:00', '03:00'], ['09:00', '03:00']]",26.428571428571427,9.0
25,Bento Asian Bistro,4.2,515.0,1.0,ChIJQZmCfsxQa4gR7HCTdnEkGdY,OPERATIONAL,IUPUI,[],"[['11:00', '21:30'], ['11:00', '21:30'], ['11:00', '21:30'], ['11:00', '21:30'], ['11:00', '21:30'], ['11:00', '21:30'], ['11:00', '21:30']]",21.5,11.0
26,Delhi Palace Restaurant,4.0,453.0,2.0,ChIJQZmCfsxQa4gRkwHRvQUtSoY,OPERATIONAL,IUPUI,['meal_delivery'],"[['11:00', '21:30'], ['11:00', '21:30'], ['11:00', '21:30'], ['11:00', '21:30'], ['11:00', '21:30'], ['11:00', '21:30'], ['11:00', '21:30']]",21.5,11.0
27,I love Mac and cheese,3.0,8.0,1.25,ChIJw5QK2lZRa4gR0WnZfWh4XAg,OPERATIONAL,IUPUI,[],"[['none', 'none'], ['none', 'none'], ['none', 'none'], ['none', 'none'], ['none', 'none'], ['none', 'none'], ['none', 'none']]",21.36332417582418,9.732600732600734
28,I Heart Mac & Cheese,4.0,74.0,1.25,ChIJw9Vma6xRa4gRrio8cheXJ1A,OPERATIONAL,IUPUI,[],"[['11:00', '20:00'], ['11:00', '21:00'], ['11:00', '21:00'], ['11:00', '21:00'], ['11:00', '21:00'], ['11:00', '21:00'], ['11:00', '21:00']]",20.857142857142858,11.0
29,Noodles and Company,4.1,645.0,1.0,ChIJyfSYgcxQa4gRCGS54V6l6zM,OPERATIONAL,IUPUI,['store'],"[['11:00', '21:00'], ['11:00', '21:00'], ['11:00', '21:00'], ['11:00', '21:00'], ['11:00', '22:00'], ['11:00', '22:00'], ['11:00', '22:00']]",21.428571428571427,11.0
30,QDOBA Mexican Eats,4.1,965.0,1.0,ChIJe2ayo8xQa4gRiCuAFDB3fig,OPERATIONAL,IUPUI,['bar'],"[['10:30', '21:00'], ['10:30', '21:00'], ['10:30', '21:00'], ['10:30', '21:00'], ['10:30', '21:00'], ['10:30', '21:00'], ['10:30', '21:00']]",21.0,10.5
31,Peppy Grill,3.3,11.0,1.25,ChIJv_pR-6VRa4gRh1pr0wwizXU,OPERATIONAL,IUPUI,[],"[['09:00', '23:00'], ['09:00', '23:00'], ['09:00', '23:00'], ['09:00', '23:00'], ['09:00', '23:00'], ['09:00', '23:00'], ['09:00', '23:00']]",23.0,9.0
32,Toppers Pizza,4.2,508.0,2.0,ChIJWa_bwcxQa4gR_HeQ8qqvypk,OPERATIONAL,IUPUI,['meal_delivery'],"[['10:30', '02:30'], ['10:30', '02:30'], ['10:30', '02:30'], ['10:30', '02:30'], ['10:30', '03:00'], ['10:30', '03:30'], ['10:30', '03:30']]",26.857142857142858,10.5
33,BEAST,5.0,4.0,1.25,ChIJ2ybOxdNXa4gROA0cXgWDRJ0,OPERATIONAL,IUPUI,[],"[['11:00', '14:00'], ['17:00', '20:00'], ['11:00', '14:00'], ['17:00', '20:00'], ['11:00', '14:00'], ['17:00', '20:00'], ['11:00', '14:00'], ['17:00', '20:00'], ['11:00', '14:00'], ['17:00', '20:00']]",17.0,14.0
34,PB & J Factory,5.0,3.0,1.25,ChIJfyXRx-hXa4gRV8GNZweSZCg,OPERATIONAL,IUPUI,[],"[['11:00', '21:00'], ['11:00', '21:00'], ['11:00', '21:00'], ['11:00', '21:00'], ['11:00', '21:00'], ['15:00', '21:00']]",21.0,11.666666666666666
35,Papa John's Pizza,3.4,374.0,1.0,ChIJOzunusxQa4gRHOt2WzpIg8k,OPERATIONAL,IUPUI,[],"[['09:30', '23:00'], ['09:30', '23:00'], ['09:30', '23:00'], ['09:30', '23:00'], ['09:30', '23:00'], ['09:30', '00:00'], ['09:30', '00:00']]",23.285714285714285,9.5
36,Subway,3.6,126.0,1.0,ChIJv4pPncpQa4gRu8lF5LmwSbA,OPERATIONAL,IUPUI,[],"[['11:00', '21:00'], ['09:30', '22:00'], ['09:30', '22:00'], ['09:30', '22:00'], ['09:30', '22:00'], ['09:30', '22:00'], ['10:00', '22:00']]",21.857142857142858,9.785714285714286
37,Blaze Pizza,4.3,1818.0,1.0,ChIJOzRLh8xQa4gRq_EOciAKrdc,OPERATIONAL,IUPUI,[],"[['11:00', '23:00'], ['10:30', '23:00'], ['10:30', '23:00'], ['10:30', '23:00'], ['10:30', '23:00'], ['10:30', '00:00'], ['11:00', '23:00']]",23.142857142857142,10.642857142857142
38,Andre's BBQ & Seafood,4.098113207547169,286.9433962264151,1.25,ChIJO3_sEAVXa4gRLH15rmH0Imk,OPERATIONAL,IUPUI,[],"[['11:00', '21:00'], ['11:00', '21:00'], ['11:00', '21:00'], ['11:00', '23:00'], ['11:00', '23:00']]",21.8,11.0
39,Boba&Everything,5.0,2.0,1.25,ChIJFTbIA3RXa4gRaXuAk7bk3_M,OPERATIONAL,IUPUI,[],"[['08:00', '15:00'], ['08:00', '15:00'], ['08:00', '15:00'], ['08:00', '15:00'], ['08:00', '15:00']]",15.0,8.0
40,Moe's Southwest Grill,4.3,443.0,1.0,ChIJJ7ddwMxQa4gRTC8PS2mf7Gk,OPERATIONAL,IUPUI,[],"[['11:00', '20:00'], ['11:00', '21:00'], ['11:00', '21:00'], ['11:00', '21:00'], ['11:00', '21:00'], ['11:00', '21:00'], ['11:00', '21:00']]",20.857142857142858,11.0
41,Little Caesars Pizza,3.9,466.0,1.0,ChIJk1CepEJXa4gRji7zhTgMAp4,OPERATIONAL,IUPUI,['meal_delivery'],"[['10:30', '22:00'], ['10:30', '22:00'], ['10:30', '22:00'], ['10:30', '22:00'], ['10:30', '22:00'], ['10:30', '23:00'], ['10:30', '23:00']]",22.285714285714285,10.5
42,Naf Naf Grill,4.6,159.0,1.0,ChIJPStePldRa4gREqkSZ8COBBU,OPERATIONAL,IUPUI,[],"[['11:00', '21:00'], ['11:00', '21:00'], ['11:00', '21:00'], ['11:00', '21:00'], ['11:00', '21:00'], ['11:00', '21:00'], ['11:00', '21:00']]",21.0,11.0
43,Donatos Pizza,3.7,104.0,2.0,ChIJlRE5T75Ra4gR-xHzlq3d-3I,OPERATIONAL,IUPUI,[],"[['11:00', '23:00'], ['11:00', '23:00'], ['11:00', '23:00'], ['11:00', '23:00'], ['11:00', '23:00'], ['11:00', '01:00'], ['11:00', '01:00']]",23.571428571428573,11.0
44,Yamallama Delicatessen,5.0,1.0,2.0,ChIJXVtiZ1xXa4gRYszO2sLCWNc,OPERATIONAL,IUPUI,['store'],"[['10:00', '19:00'], ['10:00', '19:00'], ['10:00', '19:00'], ['10:00', '19:00'], ['10:00', '19:00'], ['10:00', '15:00']]",18.333333333333332,10.0
45,Poke Guru @ AMP,4.9,27.0,1.0,ChIJhekwWyFRa4gRYMp66nLMTok,OPERATIONAL,IUPUI,[],"[['11:00', '19:00'], ['11:00', '19:00'], ['11:00', '19:00'], ['11:00', '19:00'], ['11:00', '19:00'], ['11:00', '19:00']]",19.0,11.0
46,Frankie's Pizza Parlor,4.6,21.0,1.25,ChIJu-Q_52ZXa4gRfVdySuAZ0Bo,OPERATIONAL,IUPUI,[],"[['11:00', '20:00'], ['11:00', '20:00'], ['11:00', '20:00'], ['11:00', '21:00'], ['11:00', '21:00']]",20.4,11.0
47,Tandoor & Tikka - IUPUI,3.9,339.0,1.25,ChIJE4_nZsxQa4gRQKOccgL5F34,OPERATIONAL,IUPUI,[],"[['10:30', '22:00'], ['10:30', '22:00'], ['10:30', '22:00'], ['10:30', '22:00'], ['10:30', '22:00'], ['10:30', '22:00']]",22.0,10.5
48,Mambo's cheesesteak grill 2,5.0,5.0,1.25,ChIJKwMt4l1Xa4gRqZI1nL-3Lh0,OPERATIONAL,IUPUI,[],"[['08:00', '10:30'], ['11:00', '20:00'], ['08:00', '10:30'], ['11:00', '20:00'], ['08:00', '10:30'], ['11:00', '20:00'], ['08:00', '10:30'], ['11:00', '20:00'], ['08:00', '10:30'], ['11:00', '20:00'], ['08:00', '10:30'], ['11:00', '20:00']]",15.25,9.5
49,Sushi Boss,4.5,868.0,1.25,ChIJPz1UXcxQa4gRABkkLqvJQ0c,OPERATIONAL,IUPUI,['bar'],"[['10:30', '22:00'], ['10:30', '23:00'], ['10:30', '23:00'], ['10:30', '23:00'], ['10:30', '23:00'], ['10:30', '00:00'], ['10:30', '00:00']]",23.142857142857142,10.5
50,Arby's,4.0,585.0,1.0,ChIJyeAzZsxQa4gR0VxnG7ff8XQ,OPERATIONAL,IUPUI,['store'],"[['10:00', '19:00'], ['10:00', '19:00'], ['10:00', '19:00'], ['10:00', '19:00'], ['10:00', '19:00'], ['10:00', '19:00'], ['10:00', '19:00']]",19.0,10.0
51,Taco Bell,3.1,875.0,1.0,ChIJlUt_E2hXa4gRcMBPvQZGmb0,OPERATIONAL,IUPUI,[],"[['09:00', '02:00'], ['09:00', '02:00'], ['09:00', '02:00'], ['09:00', '02:00'], ['09:00', '02:00'], ['09:00', '02:00'], ['09:00', '02:00']]",26.0,9.0
52,Jack's Pizza,3.9,412.0,2.0,ChIJdz35a2hXa4gR-gM4d7VpOcI,OPERATIONAL,IUPUI,[],"[['17:00', '00:00'], ['17:00', '23:00'], ['17:00', '23:00'], ['17:00', '23:00'], ['17:00', '23:00'], ['17:00', '00:00'], ['17:00', '00:00']]",23.428571428571427,17.0
53,LA POSADA MEXICAN RESTAURANT,4.2,438.0,1.0,ChIJVTWJaWhXa4gRayPe-vtSl-s,OPERATIONAL,IUPUI,[],"[['10:00', '23:00'], ['10:00', '23:00'], ['10:00', '23:00'], ['10:00', '23:00'], ['10:00', '02:00'], ['10:00', '02:00']]",24.0,10.0
54,Taste of Innova Wings + Greens,4.098113207547169,286.9433962264151,1.25,ChIJ4YOnqgNXa4gR3bt1kl7VrpY,OPERATIONAL,IUPUI,[],"[['18:00', '20:00'], ['11:30', '19:00'], ['11:30', '20:00'], ['11:30', '20:00'], ['11:30', '20:00'], ['13:00', '20:00']]",19.833333333333332,12.833333333333334
55,parkon,5.0,1.0,1.25,ChIJSxMAdZRXa4gRPb3dJqv8dV8,OPERATIONAL,IUPUI,[],"[['none', 'none'], ['none', 'none'], ['none', 'none'], ['none', 'none'], ['none', 'none'], ['none', 'none'], ['none', 'none']]",21.36332417582418,9.732600732600734
56,Comida,4.098113207547169,286.9433962264151,1.25,ChIJt5RcHyVXa4gRxD5pVy5CapU,OPERATIONAL,IUPUI,[],"[['none', 'none'], ['none', 'none'], ['none', 'none'], ['none', 'none'], ['none', 'none'], ['none', 'none'], ['none', 'none']]",21.36332417582418,9.732600732600734
57,Pollo Michoacano,4.1,373.0,1.0,ChIJ61-F9WhXa4gRD98PAy2TuH4,OPERATIONAL,IUPUI,[],"[['09:00', '18:00'], ['09:00', '20:00'], ['09:00', '20:00'], ['09:00', '20:00'], ['09:00', '20:00'], ['09:00', '20:00'], ['09:00', '20:00']]",19.714285714285715,9.0
58,Birrieria Andrade Estilo Jalisco,4.1,147.0,2.0,ChIJk9YFimhXa4gRpQH4b13_lFk,OPERATIONAL,IUPUI,[],"[['09:00', '18:00'], ['11:00', '18:00'], ['11:00', '18:00'], ['11:00', '18:00'], ['11:00', '18:00'], ['11:00', '18:00'], ['09:00', '18:00']]",18.0,10.428571428571429
59,Hardee's,3.7,769.0,1.0,ChIJ73s3OcxQa4gRmOF87Use0GI,OPERATIONAL,IUPUI,[],"[['07:00', '22:00'], ['06:00', '23:00'], ['06:00', '23:00'], ['06:00', '23:00'], ['06:00', '23:00'], ['06:00', '23:00'], ['06:00', '23:00']]",22.857142857142858,6.142857142857143
60,The Oceanaire Seafood Room,4.5,974.0,3.0,ChIJ85yF9rxQa4gRpziEPTO4e4U,OPERATIONAL,Industrious Mass Ave,[],"[['17:00', '21:00'], ['17:00', '21:00'], ['17:00', '21:00'], ['17:00', '21:00'], ['17:00', '21:00'], ['17:00', '22:00'], ['17:00', '22:00']]",21.285714285714285,17.0
61,Pearl Street Pizzeria & Pub,4.5,832.0,2.0,ChIJtyC7qb1Qa4gRdhc0FcqReps,OPERATIONAL,Industrious Mass Ave,"['meal_delivery', 'bar']","[['12:00', '02:00'], ['11:00', '02:00'], ['11:00', '02:00'], ['11:00', '02:00'], ['11:00', '02:00'], ['11:00', '02:00'], ['12:00', '02:00']]",26.0,11.285714285714286
62,Tin Roof,4.0,852.0,1.0,ChIJexEho71Qa4gRN_19ml4q-OE,OPERATIONAL,Industrious Mass Ave,['bar'],"[['11:00', '03:00'], ['16:00', '03:00'], ['16:00', '03:00'], ['16:00', '03:00'], ['16:00', '03:00'], ['11:00', '03:00']]",27.0,14.333333333333334
63,O'Reilly's Irish Bar & Restaurant,4.2,488.0,2.0,ChIJb-Qgo71Qa4gRinKi3mprdKA,OPERATIONAL,Industrious Mass Ave,['bar'],"[['11:00', '00:00'], ['11:00', '00:00'], ['11:00', '00:00'], ['11:00', '00:00'], ['11:00', '00:00'], ['11:00', '00:00'], ['11:00', '00:00']]",24.0,11.0
64,Nada,4.4,1952.0,2.0,ChIJccxl8rxQa4gRMZVqAEys2vc,OPERATIONAL,Industrious Mass Ave,['bar'],"[['17:00', '22:00'], ['17:00', '22:00'], ['17:00', '22:00'], ['17:00', '22:00'], ['17:00', '22:00'], ['17:00', '22:00']]",22.0,17.0
65,Buffalo Wild Wings,3.6,1611.0,2.0,ChIJdb3iTbxQa4gRP79ZplALB6s,OPERATIONAL,Industrious Mass Ave,['bar'],"[['11:00', '22:00'], ['11:00', '22:00'], ['11:00', '22:00'], ['11:00', '22:00'], ['11:00', '22:00'], ['11:00', '23:00'], ['11:00', '23:00']]",22.285714285714285,11.0
66,Gallery Pastry Bar,4.6,154.0,1.9736842105263157,ChIJObziD3NRa4gRu5u1oALQ3Ug,OPERATIONAL,Industrious Mass Ave,"['cafe', 'bar']","[['08:00', '16:00'], ['08:00', '16:00'], ['08:00', '16:00'], ['08:00', '16:00'], ['08:00', '16:00'], ['08:00', '16:00']]",16.0,8.0
67,Prime 47- Indy's Steakhouse,4.6,669.0,4.0,ChIJKfHsDL1Qa4gRGJ3g9Inh5r0,OPERATIONAL,Industrious Mass Ave,[],"[['17:00', '21:00'], ['17:00', '21:00'], ['17:00', '21:00'], ['17:00', '21:00'], ['17:00', '22:00'], ['17:00', '22:00']]",21.333333333333332,17.0
68,"INDYO FROZEN YOGURT, CARAMEL CORN & COFFEE",3.6,92.0,1.0,ChIJQ2tahbxQa4gRbjnsMa47trs,OPERATIONAL,Industrious Mass Ave,"['cafe', 'store']","[['12:00', '18:00'], ['10:00', '19:00'], ['10:00', '19:00'], ['10:00', '19:00'], ['10:00', '19:00'], ['10:00', '19:00'], ['10:00', '19:00']]",18.857142857142858,10.285714285714286
69,Yard House,4.4,2326.0,2.0,ChIJUYeec71Qa4gRyRvSkhRsUxo,OPERATIONAL,Industrious Mass Ave,['bar'],"[['11:00', '22:30'], ['11:00', '22:30'], ['11:00', '22:30'], ['11:00', '22:30'], ['11:00', '22:30'], ['11:00', '23:30'], ['11:00', '23:30']]",22.785714285714285,11.0
70,The District Tap,4.4,554.0,2.0,ChIJP6eM_e5Ra4gRRJM6Lc1naYE,OPERATIONAL,Industrious Mass Ave,['bar'],"[['11:00', '00:00'], ['11:00', '00:00'], ['11:00', '00:00'], ['11:00', '00:00'], ['11:00', '02:00'], ['11:00', '02:00'], ['11:00', '02:00']]",24.857142857142858,11.0
71,Dos Hombres,3.3,48.0,1.9736842105263157,ChIJwQI99aFRa4gR28GJV_16CWk,OPERATIONAL,Industrious Mass Ave,[],"[['none', 'none'], ['none', 'none'], ['none', 'none'], ['none', 'none'], ['none', 'none'], ['none', 'none'], ['none', 'none']]",21.143005952380953,11.862882653061225
72,Steak 'n Shake Headquarters,1.5,196.0,1.0,ChIJb-DRB71Qa4gRPL7sdy47xpM,OPERATIONAL,Industrious Mass Ave,[],"[['09:00', '17:00'], ['09:00', '17:00'], ['09:00', '17:00'], ['09:00', '17:00'], ['09:00', '17:00']]",17.0,9.0
73,T & T Tran II,4.13859649122807,765.7017543859649,1.9736842105263157,ChIJWUxFfbxQa4gRjLWpZ01Nitc,OPERATIONAL,Industrious Mass Ave,[],"[['none', 'none'], ['none', 'none'], ['none', 'none'], ['none', 'none'], ['none', 'none'], ['none', 'none'], ['none', 'none']]",21.143005952380953,11.862882653061225
74,Chin Sushi House,4.3,21.0,1.9736842105263157,ChIJ7ZtwR-NRa4gR1RkQRBDLl-k,OPERATIONAL,Industrious Mass Ave,[],"[['11:00', '21:00'], ['09:00', '21:00'], ['09:00', '21:00'], ['09:00', '21:00'], ['09:00', '21:00'], ['09:00', '21:00']]",21.0,9.333333333333334
75,Sauce on the Side,4.7,113.0,1.9736842105263157,ChIJGckms2BRa4gRUFHURJspVy0,OPERATIONAL,Industrious Mass Ave,[],"[['12:00', '20:00'], ['11:00', '21:00'], ['11:00', '21:00'], ['11:00', '21:00'], ['11:00', '21:00'], ['11:00', '22:00'], ['11:00', '22:00']]",21.142857142857142,11.142857142857142
76,Crab 99 Bar and Restaurant,4.3,900.0,2.0,ChIJ01JBSLxQa4gRsFW76hMnISs,OPERATIONAL,Industrious Mass Ave,[],"[['12:00', '23:00'], ['15:00', '00:00'], ['15:00', '00:00'], ['15:00', '00:00'], ['15:00', '00:00'], ['15:00', '01:00'], ['12:00', '01:00']]",24.142857142857142,14.142857142857142
77,Punch Bowl Social Indianapolis,4.1,1602.0,2.0,ChIJz9BSf7xQa4gR2rm0FrwlYHU,OPERATIONAL,Industrious Mass Ave,"['bowling_alley', 'bar']","[['10:00', '00:00'], ['11:00', '00:00'], ['11:00', '00:00'], ['11:00', '00:00'], ['11:00', '00:00'], ['11:00', '02:00'], ['10:00', '02:00']]",24.571428571428573,10.714285714285714
78,Seoul Fresh,4.5,40.0,1.0,ChIJ9VOXzXZRa4gR5OgZkp67bDQ,OPERATIONAL,Industrious Mass Ave,[],"[['12:00', '18:00'], ['10:00', '21:00'], ['10:00', '21:00'], ['10:00', '21:00'], ['10:00', '21:00'], ['10:00', '21:00'], ['10:00', '21:00']]",20.571428571428573,10.285714285714286
79,HotBox Pizza,3.9,389.0,1.0,ChIJa5K2PL1Qa4gRJKkkwr6rznA,OPERATIONAL,Industrious Mass Ave,['meal_delivery'],"[['10:00', '00:00'], ['10:00', '00:00'], ['10:00', '00:00'], ['10:00', '00:00'], ['10:00', '00:00'], ['10:00', '00:00'], ['10:00', '00:00']]",24.0,10.0
80,Pivot Bar and Balcony,4.2,39.0,1.9736842105263157,ChIJNcujU25Ra4gR_UbJAeeLRVI,OPERATIONAL,Industrious Mass Ave,['bar'],"[['16:00', '23:00'], ['16:00', '23:00'], ['16:00', '23:00'], ['16:00', '23:00'], ['16:00', '23:00']]",23.0,16.0
81,Ruth's Chris Steak House,4.6,969.0,4.0,ChIJWXrLf7xQa4gRalzULK3ex5Q,OPERATIONAL,Industrious Mass Ave,[],"[['16:00', '21:00'], ['11:00', '22:00'], ['11:00', '22:00'], ['11:00', '22:00'], ['11:00', '22:00'], ['11:00', '23:00'], ['16:00', '23:00']]",22.142857142857142,12.428571428571429
82,Kelly's Cajun Grill,3.4,38.0,1.9736842105263157,ChIJoflQfLxQa4gR4GSiowkX8k8,OPERATIONAL,Industrious Mass Ave,['bar'],"[['12:00', '18:00'], ['10:00', '21:00'], ['10:00', '21:00'], ['10:00', '21:00'], ['10:00', '21:00'], ['10:00', '21:00'], ['10:00', '21:00']]",20.571428571428573,10.285714285714286
83,Chipotle Mexican Grill,4.3,680.0,1.0,ChIJi_tPdrxQa4gR5p8HWw3cKJM,OPERATIONAL,Industrious Mass Ave,[],"[['11:30', '20:00'], ['11:30', '21:00'], ['11:30', '21:00'], ['11:30', '21:00'], ['11:30', '21:00'], ['11:30', '21:00'], ['11:30', '21:00']]",20.857142857142858,11.5
84,Chick-fil-A,4.3,903.0,1.0,ChIJWUxFfbxQa4gRbGmpje9F2Qk,OPERATIONAL,Industrious Mass Ave,[],"[['10:30', '17:00'], ['10:30', '17:00'], ['10:30', '17:00'], ['10:30', '17:00'], ['10:30', '17:00'], ['10:30', '17:00']]",17.0,10.5
85,Wei Ramen,4.4,257.0,1.9736842105263157,ChIJJVy0YrJRa4gRCf3h4TQSdn0,OPERATIONAL,Industrious Mass Ave,[],"[['10:30', '21:00'], ['10:30', '21:00'], ['10:30', '21:00'], ['10:30', '21:00'], ['10:30', '21:00'], ['10:30', '22:00'], ['10:30', '22:00']]",21.285714285714285,10.5
86,Helium Comedy Club,4.6,900.0,1.9736842105263157,ChIJxUVIdcpRa4gR0nwaIVzRVMU,OPERATIONAL,Industrious Mass Ave,"['night_club', 'bar']","[['18:00', '22:00'], ['18:00', '23:00'], ['17:30', '00:00'], ['17:30', '00:00']]",23.25,17.75
87,Subway,3.9,99.0,1.0,ChIJp8dXZbxQa4gRbDenbwO45WQ,OPERATIONAL,Industrious Mass Ave,[],"[['12:00', '18:00'], ['11:00', '18:00'], ['11:00', '18:00'], ['11:00', '18:00'], ['11:00', '18:00'], ['11:00', '18:00'], ['11:00', '18:00']]",18.0,11.142857142857142
88,Pier 48 Fish House & Oyster Bar,4.3,257.0,1.9736842105263157,ChIJLV6kC2xRa4gRuYzDZ1irFLg,OPERATIONAL,Industrious Mass Ave,[],"[['11:00', '21:00'], ['11:00', '22:00'], ['11:00', '22:00'], ['11:00', '22:00'], ['11:00', '22:00'], ['11:00', '23:00'], ['11:00', '23:00']]",22.142857142857142,11.0
89,QDOBA Mexican Eats,4.2,564.0,1.0,ChIJfdPYN7xQa4gRscC8ufotzto,OPERATIONAL,Industrious Mass Ave,['bar'],"[['10:30', '20:00'], ['10:30', '21:00'], ['10:30', '21:00'], ['10:30', '21:00'], ['10:30', '21:00'], ['10:30', '21:00'], ['10:30', '20:00']]",20.714285714285715,10.5
90,Go Stir Fry,4.7,14.0,2.0,ChIJv_egTSlRa4gRAj9WgfppzMs,OPERATIONAL,Industrious Mass Ave,[],"[['11:00', '21:00'], ['11:00', '21:00'], ['11:00', '21:00'], ['11:00', '21:00'], ['11:00', '21:00'], ['11:00', '21:00']]",21.0,11.0
91,Taco Bell,3.6,292.0,1.0,ChIJWUxFfbxQa4gRFivgHkM09q8,OPERATIONAL,Industrious Mass Ave,[],"[['12:00', '18:00'], ['10:00', '21:00'], ['10:00', '21:00'], ['10:00', '21:00'], ['10:00', '21:00'], ['10:00', '21:00'], ['10:00', '21:00']]",20.571428571428573,10.285714285714286
92,P.F. Chang's,4.0,1539.0,2.0,ChIJRW_kfbxQa4gRzaAXCFR5Wac,OPERATIONAL,Industrious Mass Ave,['meal_delivery'],"[['11:00', '22:00'], ['11:00', '22:00'], ['11:00', '22:00'], ['11:00', '22:00'], ['11:00', '22:00'], ['11:00', '22:00'], ['11:00', '22:00']]",22.0,11.0
93,Auntie Anne's,4.0,124.0,1.0,ChIJWUxFfbxQa4gRbchvbaR8C5k,OPERATIONAL,Industrious Mass Ave,"['bakery', 'cafe', 'store']","[['12:00', '18:00'], ['10:00', '21:00'], ['10:00', '21:00'], ['10:00', '21:00'], ['10:00', '21:00'], ['10:00', '21:00'], ['10:00', '21:00']]",20.571428571428573,10.285714285714286
94,Ruth Chris steak house,1.0,1.0,1.9736842105263157,ChIJK4d3zjNRa4gR1oLl9vjdGj4,OPERATIONAL,Industrious Mass Ave,[],"[['none', 'none'], ['none', 'none'], ['none', 'none'], ['none', 'none'], ['none', 'none'], ['none', 'none'], ['none', 'none']]",21.143005952380953,11.862882653061225
95,Five Guys,4.4,1177.0,2.0,ChIJFaYYub1Qa4gRcvXq5oYzfnY,OPERATIONAL,Industrious Mass Ave,[],"[['11:00', '22:00'], ['11:00', '22:00'], ['11:00', '22:00'], ['11:00', '22:00'], ['11:00', '22:00'], ['11:00', '22:00'], ['11:00', '22:00']]",22.0,11.0
96,A&W Restaurant,3.9,85.0,1.0,ChIJWUxFfbxQa4gRZ4w2CsuonPQ,OPERATIONAL,Industrious Mass Ave,[],"[['10:30', '21:00'], ['10:30', '21:00'], ['10:30', '21:00'], ['10:30', '21:00'], ['10:30', '21:00'], ['10:30', '21:00'], ['10:30', '21:00']]",21.0,10.5
97,Charleys Cheesesteaks,3.4,41.0,1.0,ChIJCatgebxQa4gRC1QYO17d3m4,OPERATIONAL,Industrious Mass Ave,[],"[['12:00', '18:00'], ['11:00', '19:00'], ['11:00', '19:00'], ['11:00', '19:00'], ['11:00', '19:00'], ['11:00', '19:00'], ['11:00', '19:00']]",18.857142857142858,11.142857142857142
98,Subway on Illinois St.,4.5,2.0,1.9736842105263157,ChIJZS2ZSqBRa4gRI24_rTkPzwU,OPERATIONAL,Industrious Mass Ave,[],"[['none', 'none'], ['none', 'none'], ['none', 'none'], ['none', 'none'], ['none', 'none'], ['none', 'none'], ['none', 'none']]",21.143005952380953,11.862882653061225
99,Fogo de Chão Brazilian Steakhouse,4.6,4872.0,3.0,ChIJUd6-kL1Qa4gRX1tBFOTvo2g,OPERATIONAL,Industrious Mass Ave,[],"[['11:30', '21:00'], ['11:30', '14:00'], ['17:00', '22:00'], ['11:30', '14:00'], ['17:00', '22:00'], ['11:30', '14:00'], ['17:00', '22:00'], ['11:30', '14:00'], ['17:00', '22:00'], ['11:30', '14:00'], ['17:00', '22:30'], ['11:30', '22:30']]",18.666666666666668,13.791666666666666
100,Bella Pizzeria,2.9,7.0,1.9736842105263157,ChIJtZa7d3NRa4gRPsDMKsDURBg,OPERATIONAL,Industrious Mass Ave,[],"[['11:00', '17:00'], ['11:00', '17:00'], ['11:00', '17:00'], ['11:00', '17:00'], ['11:00', '17:00'], ['11:00', '17:00'], ['11:00', '17:00']]",17.0,11.0
101,Kilroy's,4.3,2913.0,2.0,ChIJGdr7zbxQa4gR1AGhLC6j-jA,OPERATIONAL,Industrious Mass Ave,['bar'],"[['11:00', '00:00'], ['11:00', '01:00'], ['11:00', '01:00'], ['11:00', '01:00'], ['11:00', '01:00'], ['11:00', '02:00'], ['11:00', '02:00']]",25.142857142857142,11.0
102,Spoke & Steele,4.4,385.0,2.0,ChIJNyUjn7xQa4gRCPGB-xIvIBs,OPERATIONAL,Industrious Mass Ave,['bar'],"[['08:00', '13:00'], ['17:00', '21:30'], ['07:00', '11:00'], ['17:00', '21:30'], ['07:00', '11:00'], ['17:00', '21:30'], ['07:00', '11:00'], ['17:00', '21:30'], ['07:00', '11:00'], ['17:00', '21:30'], ['07:00', '11:00'], ['17:00', '21:30'], ['08:00', '13:00'], ['17:00', '21:30']]",16.535714285714285,12.142857142857142
103,The Old Spaghetti Factory,4.4,2772.0,2.0,ChIJvf37y7xQa4gRFxA9Q6o8zT4,OPERATIONAL,Industrious Mass Ave,['bar'],"[['12:00', '21:30'], ['11:00', '14:00'], ['17:00', '21:30'], ['11:00', '14:00'], ['17:00', '21:30'], ['11:00', '14:00'], ['17:00', '21:30'], ['11:00', '14:00'], ['17:00', '21:30'], ['11:00', '14:00'], ['17:00', '22:30'], ['12:00', '22:30']]",18.541666666666668,13.666666666666666
104,St. Elmo Steak House,4.7,3632.0,4.0,ChIJL-H0oLxQa4gRtk7Der5Av0w,OPERATIONAL,Industrious Mass Ave,"['night_club', 'bar']","[['16:00', '22:00'], ['16:00', '23:00'], ['16:00', '23:00'], ['16:00', '23:00'], ['16:00', '23:00'], ['16:00', '23:00'], ['15:00', '23:00']]",22.857142857142858,15.857142857142858
105,The Capital Grille,4.6,820.0,4.0,ChIJZ_7nbbxQa4gROj-HMNxki3w,OPERATIONAL,Industrious Mass Ave,['bar'],"[['06:30', '21:00'], ['06:30', '21:00'], ['06:30', '21:00'], ['06:30', '21:00'], ['06:30', '21:00'], ['06:30', '22:00'], ['06:30', '22:00']]",21.285714285714285,6.5
106,Steak 'n Shake,3.6,1431.0,1.0,ChIJYaKofLtQa4gRd5qf5h0XXig,OPERATIONAL,Industrious Mass Ave,[],"[['10:00', '00:00'], ['10:00', '00:00'], ['10:00', '00:00'], ['10:00', '00:00'], ['10:00', '00:00'], ['10:00', '00:00'], ['10:00', '00:00']]",24.0,10.0
107,Hooters,3.9,1302.0,2.0,ChIJX5wqsbxQa4gRSUsCNivZ2tU,OPERATIONAL,Industrious Mass Ave,"['meal_delivery', 'bar']","[['11:00', '21:00'], ['11:00', '21:00'], ['11:00', '21:00'], ['11:00', '21:00'], ['11:00', '21:00'], ['11:00', '21:00'], ['11:00', '21:00']]",21.0,11.0
108,Harry & Izzy's,4.7,2625.0,4.0,ChIJc5jIp7xQa4gRyBw22V5K24k,OPERATIONAL,Industrious Mass Ave,[],"[['12:00', '21:00'], ['11:00', '23:00'], ['11:00', '23:00'], ['11:00', '23:00'], ['11:00', '23:00'], ['11:00', '00:00'], ['11:00', '00:00']]",23.0,11.142857142857142
109,Winner's Circle Sports Pub,4.2,683.0,2.0,ChIJsURMwb1Qa4gRA0d8-_KHnK4,OPERATIONAL,Industrious Mass Ave,"['casino', 'bar']","[['12:00', '22:00'], ['12:00', '22:00'], ['12:00', '22:00'], ['12:00', '22:00'], ['12:00', '22:00'], ['12:00', '23:00'], ['12:00', '23:00']]",22.285714285714285,12.0
110,Green District Salads - Monument Circle,4.4,9.0,1.9736842105263157,ChIJ-a9aqqxRa4gRH15nuMAUCYU,OPERATIONAL,Industrious Mass Ave,[],"[['11:00', '16:00'], ['11:00', '16:00'], ['11:00', '16:00'], ['11:00', '16:00'], ['11:00', '16:00']]",16.0,11.0
111,Agostino's Pizza,5.0,3.0,1.9736842105263157,ChIJ28Dr6r1Qa4gRPb6jHCYIbew,OPERATIONAL,Industrious Mass Ave,['meal_delivery'],"[['11:00', '21:00'], ['11:00', '21:00'], ['11:00', '21:00'], ['11:00', '21:00'], ['11:00', '21:00']]",21.0,11.0
112,Goodwood Indy,4.2,33.0,1.9736842105263157,ChIJj3jweeBRa4gRhRi2tcXhWW0,OPERATIONAL,Industrious Mass Ave,['bar'],"[['11:00', '21:00'], ['11:00', '22:00'], ['11:00', '22:00'], ['11:00', '22:00'], ['11:00', '22:00'], ['11:00', '00:00'], ['11:00', '00:00']]",22.428571428571427,11.0
113,Tastings - A Wine Experience,4.5,255.0,3.0,ChIJ7ykCbLxQa4gRcxISpKZJK_M,OPERATIONAL,Industrious Mass Ave,"['bar', 'liquor_store', 'store']","[['15:00', '22:00'], ['15:00', '22:00'], ['15:00', '22:00'], ['15:00', '00:00'], ['15:00', '00:00']]",22.8,15.0
114,Farmer's Fridge,4.13859649122807,765.7017543859649,1.9736842105263157,ChIJPyX4apZRa4gRwSbfUUapefs,OPERATIONAL,Industrious Mass Ave,[],"[['07:00', '18:00'], ['07:00', '18:00'], ['07:00', '18:00'], ['07:00', '18:00'], ['07:00', '18:00'], ['07:00', '18:00'], ['07:00', '18:00']]",18.0,7.0
115,Pizza Di Tito,4.5,39.0,1.9736842105263157,ChIJ2S8ribtQa4gR9-xFd8fNcbM,OPERATIONAL,Industrious Mass Ave,[],"[['07:00', '15:00'], ['07:00', '15:00'], ['07:00', '15:00'], ['07:00', '15:00'], ['07:00', '15:00']]",15.0,7.0
116,City Dogs - Monument Circle Hot Dog Cart,5.0,1.0,1.9736842105263157,ChIJ9XiRljhRa4gRix-KRxT6VPc,OPERATIONAL,Industrious Mass Ave,[],"[['07:00', '14:00'], ['07:00', '14:00'], ['07:00', '14:00'], ['07:00', '14:00']]",14.0,7.0
117,Hinata Japanese Fine Dining,4.9,46.0,1.9736842105263157,ChIJFQqme4JRa4gRtvi-slkAeDg,OPERATIONAL,Industrious Mass Ave,[],"[['18:00', '22:00'], ['18:00', '22:00'], ['18:00', '22:00'], ['17:30', '22:00']]",22.0,17.875
118,Firehouse Dawgs,4.13859649122807,765.7017543859649,1.9736842105263157,ChIJKbJN8cdRa4gRfj6mSZtDb8M,OPERATIONAL,Industrious Mass Ave,[],"[['23:00', '03:00'], ['23:00', '03:00']]",27.0,23.0
119,Severin Bar,4.0,23.0,1.9736842105263157,ChIJI1Z_VKNQa4gRtfMOFVG0b4g,OPERATIONAL,Industrious Mass Ave,['bar'],"[['16:00', '21:00'], ['16:00', '21:00'], ['16:00', '21:00'], ['16:00', '21:00'], ['16:00', '23:00'], ['16:00', '23:00']]",21.666666666666668,16.0
120,BIG MAMA JAMA'S,4.0578947368421066,499.0877192982456,1.4772727272727273,ChIJN5VJRXS0FIgRsBbnI8ri8pE,OPERATIONAL,Launch Fishers,[],"[['17:00', '20:00'], ['05:00', '20:00'], ['11:00', '14:00'], ['17:00', '21:00'], ['11:00', '14:00'], ['17:00', '21:00'], ['11:00', '14:00'], ['17:00', '21:00'], ['11:00', '14:00'], ['17:00', '23:30'], ['17:00', '22:00']]",18.59090909090909,13.727272727272727
121,Subway,3.3,26.0,1.0,ChIJl82o5HS0FIgRJDV8l5JnkPw,OPERATIONAL,Launch Fishers,[],"[['11:00', '17:00'], ['10:00', '20:00'], ['10:00', '20:00'], ['10:00', '20:00'], ['10:00', '20:00'], ['10:00', '20:00'], ['09:00', '19:00']]",19.428571428571427,10.0
122,Circle K,2.3,16.0,1.0,ChIJB6mCjnK0FIgR_860ngF07jU,OPERATIONAL,Launch Fishers,"['convenience_store', 'atm', 'car_wash', 'gas_station', 'finance', 'cafe', 'store']","[['06:00', '22:00'], ['06:00', '22:00'], ['06:00', '22:00'], ['06:00', '22:00'], ['06:00', '22:00'], ['06:00', '23:00'], ['06:00', '23:00']]",22.285714285714285,6.0
123,Pita Land Grill & Halal Meat Shop,4.3,327.0,1.0,ChIJPw7Uo3i0FIgR5Mh4rF1kpjw,OPERATIONAL,Launch Fishers,[],"[['10:00', '22:00'], ['10:00', '22:00'], ['10:00', '22:00'], ['10:00', '22:00'], ['10:00', '22:00'], ['10:00', '22:00'], ['10:00', '22:00']]",22.0,10.0
124,Pizza Hut Express,1.0,1.0,1.0,ChIJw1iOOj61FIgRhZMwmuzC7GQ,OPERATIONAL,Launch Fishers,[],"[['none', 'none'], ['none', 'none'], ['none', 'none'], ['none', 'none'], ['none', 'none'], ['none', 'none'], ['none', 'none']]",21.113944245409765,9.712970219435736
125,Jet's Pizza,4.4,180.0,1.0,ChIJGdX_WoezFIgR9gyNU2Hba5g,OPERATIONAL,Launch Fishers,['meal_delivery'],"[['11:00', '22:00'], ['10:00', '22:00'], ['10:00', '22:00'], ['10:00', '22:00'], ['10:00', '22:00'], ['10:00', '23:00'], ['10:00', '23:00']]",22.285714285714285,10.142857142857142
126,Big Apple Bagels,4.4,251.0,1.0,ChIJ0wUA_2y0FIgR80PI3ehQl7M,OPERATIONAL,Launch Fishers,"['bakery', 'store']","[['07:00', '14:00'], ['06:30', '14:00'], ['06:30', '14:00'], ['06:30', '14:00'], ['06:30', '14:00'], ['06:30', '14:00'], ['07:00', '14:00']]",14.0,6.642857142857143
127,Wendy's,3.1,228.0,1.0,ChIJXVNLYW20FIgRuLwNNk_ZNCA,OPERATIONAL,Launch Fishers,[],"[['10:00', '17:00'], ['10:00', '17:00'], ['10:00', '17:00'], ['10:00', '17:00'], ['10:00', '17:00'], ['10:00', '17:00'], ['10:00', '17:00']]",17.0,10.0
128,Hong Kong Cuisine,3.9,110.0,2.0,ChIJo1pn_my0FIgRhkjpUSCXD7Q,OPERATIONAL,Launch Fishers,[],"[['11:30', '21:00'], ['11:30', '21:30'], ['11:30', '21:30'], ['11:30', '21:30'], ['11:30', '21:30'], ['11:30', '21:30'], ['11:30', '21:30']]",21.428571428571427,11.5
129,New York Pizza Garden,4.4,264.0,1.4772727272727273,ChIJy-jK_2y0FIgR-kwkzObwRM8,OPERATIONAL,Launch Fishers,[],"[['11:30', '20:30'], ['11:00', '20:30'], ['11:00', '20:30'], ['11:00', '20:30'], ['11:00', '20:30'], ['11:00', '21:30'], ['11:00', '21:30']]",20.785714285714285,11.071428571428571
130,Mexican Restaurant,4.0578947368421066,499.0877192982456,1.4772727272727273,ChIJA4AWUYezFIgRB5PiV9uFX8E,OPERATIONAL,Launch Fishers,[],"[['11:00', '21:00'], ['11:00', '21:00'], ['11:00', '21:00'], ['11:00', '21:00'], ['11:00', '21:00'], ['11:00', '21:00'], ['11:00', '21:00']]",21.0,11.0
131,Verde Flavors of Mexico Fishers,4.0,740.0,2.0,ChIJGwuWq4CzFIgRIUiX-kQFuZs,OPERATIONAL,Launch Fishers,[],"[['11:00', '22:00'], ['11:00', '22:00'], ['11:00', '22:00'], ['11:00', '22:00'], ['11:00', '22:00'], ['11:00', '22:00'], ['11:00', '22:00']]",22.0,11.0
132,Blaze Pizza,4.4,1121.0,1.0,ChIJFeHcS3-0FIgReD6MQZhUKv0,OPERATIONAL,Launch Fishers,[],"[['10:30', '22:00'], ['10:30', '22:00'], ['10:30', '22:00'], ['10:30', '22:00'], ['10:30', '22:00'], ['10:30', '23:00'], ['10:30', '23:00']]",22.285714285714285,10.5
133,O'Charley’s Restaurant & Bar,4.1,953.0,2.0,ChIJY1wIOHm0FIgR6IfDxYWNPkU,OPERATIONAL,Launch Fishers,['bar'],"[['11:00', '21:00'], ['11:00', '21:00'], ['11:00', '21:00'], ['11:00', '21:00'], ['11:00', '21:00'], ['11:00', '22:00'], ['11:00', '22:00']]",21.285714285714285,11.0
134,Five Guys,4.5,967.0,2.0,ChIJr2CwRH-0FIgRaDyeo46bleM,OPERATIONAL,Launch Fishers,[],"[['11:00', '22:00'], ['11:00', '22:00'], ['11:00', '22:00'], ['11:00', '22:00'], ['11:00', '22:00'], ['11:00', '22:00'], ['11:00', '22:00']]",22.0,11.0
135,Clean Juice,4.4,108.0,2.0,ChIJMQMCsvWzFIgR2rt9E-sEw30,OPERATIONAL,Launch Fishers,"['health', 'store']","[['09:00', '18:00'], ['07:00', '20:00'], ['07:00', '20:00'], ['07:00', '20:00'], ['07:00', '20:00'], ['07:00', '20:00'], ['08:00', '20:00']]",19.714285714285715,7.428571428571429
136,Happy Dragon,3.5,137.0,1.0,ChIJMWGwRH-0FIgRSuS1uPkpmQo,OPERATIONAL,Launch Fishers,['meal_delivery'],"[['10:30', '21:30'], ['10:30', '21:30'], ['10:30', '21:30'], ['10:30', '21:30'], ['10:30', '22:00'], ['10:30', '22:00']]",21.666666666666668,10.5
137,Steak 'n Shake,3.5,1004.0,1.0,ChIJr2CwRH-0FIgRDSnjKvSxI1M,OPERATIONAL,Launch Fishers,[],"[['10:00', '00:00'], ['10:00', '00:00'], ['10:00', '00:00'], ['10:00', '00:00'], ['10:00', '00:00'], ['10:00', '00:00'], ['10:00', '00:00']]",24.0,10.0
138,SALAMAT Cookies,5.0,1.0,1.4772727272727273,ChIJVVV5n4azFIgR7YFDtlW7L8Q,OPERATIONAL,Launch Fishers,[],"[['12:00', '18:00'], ['09:00', '19:00'], ['09:00', '19:00'], ['09:00', '19:00'], ['09:00', '19:00'], ['09:00', '19:00'], ['12:00', '18:00']]",18.714285714285715,9.857142857142858
139,Topgolf,4.5,2965.0,2.0,ChIJQ6BbjXy0FIgRiokg5xDCIBI,OPERATIONAL,Launch Fishers,"['bar', 'school', 'health']","[['10:00', '23:00'], ['10:00', '23:00'], ['10:00', '23:00'], ['10:00', '23:00'], ['10:00', '23:00'], ['10:00', '01:00'], ['10:00', '01:00']]",23.571428571428573,10.0
140,Agave Bar and Grill,4.1,47.0,1.4772727272727273,ChIJ2Wu0omyzFIgRBOV8I7OuLBQ,OPERATIONAL,Launch Fishers,[],"[['11:00', '21:00'], ['11:00', '22:00'], ['11:00', '22:00'], ['11:00', '22:00'], ['11:00', '22:00'], ['11:00', '22:00'], ['11:00', '22:00']]",21.857142857142858,11.0
141,McDonald's,3.6,1228.0,1.0,ChIJ_34Bcn-0FIgRCFc_SMVhIhs,OPERATIONAL,Launch Fishers,"['cafe', 'store']","[['05:00', '00:00'], ['05:00', '00:00'], ['05:00', '00:00'], ['05:00', '00:00'], ['05:00', '00:00'], ['05:00', '00:00'], ['05:00', '00:00']]",24.0,5.0
142,Four Day Ray Brewing,4.2,749.0,1.4772727272727273,ChIJeXvVwICzFIgRA5WjktrVy48,OPERATIONAL,Launch Fishers,['bar'],"[['11:00', '21:00'], ['11:00', '21:00'], ['11:00', '22:00'], ['11:00', '22:00'], ['11:00', '22:00'], ['11:00', '23:00'], ['11:00', '23:00']]",22.0,11.0
143,Circle K,4.3,9.0,1.0,ChIJ3WRpmHC0FIgR1X7DBPRjaNQ,OPERATIONAL,Launch Fishers,"['convenience_store', 'atm', 'car_wash', 'gas_station', 'finance', 'cafe', 'store']","[['00:00', 'none']]",30.0,0.0
144,Smoothie King,4.6,136.0,2.0,ChIJDUZOkYCzFIgRCIYGNiTw-q4,OPERATIONAL,Launch Fishers,"['meal_delivery', 'health', 'store']","[['10:00', '19:00'], ['07:00', '19:00'], ['07:00', '19:00'], ['07:00', '19:00'], ['07:00', '19:00'], ['07:00', '19:00'], ['08:00', '19:00']]",19.0,7.571428571428571
145,Texas Roadhouse,4.5,1665.0,2.0,ChIJNYTQYw20FIgRoilA54o00Fo,OPERATIONAL,Launch Fishers,[],"[['11:00', '22:00'], ['16:00', '22:00'], ['16:00', '22:00'], ['16:00', '22:00'], ['16:00', '22:00'], ['11:00', '23:00'], ['11:00', '23:00']]",22.285714285714285,13.857142857142858
146,Greek's Pizzeria of Fishers,4.4,261.0,2.0,ChIJpQ-bjICzFIgRV6dUb9x5p4s,OPERATIONAL,Launch Fishers,['meal_delivery'],"[['11:00', '21:00'], ['11:00', '21:00'], ['11:00', '21:00'], ['11:00', '21:00'], ['11:00', '21:00'], ['11:00', '21:00'], ['11:00', '21:00']]",21.0,11.0
147,Wendy's,2.9,594.0,1.0,ChIJo3X3eH-0FIgROTUJ-PLQZrs,OPERATIONAL,Launch Fishers,[],"[['06:30', '22:00'], ['06:30', '22:00'], ['06:30', '22:00'], ['06:30', '22:00'], ['06:30', '22:00'], ['06:30', '22:00'], ['06:30', '22:00']]",22.0,6.5
148,Starbucks,4.2,490.0,2.0,ChIJEVMfs320FIgR1Zsk8_jRIHQ,OPERATIONAL,Launch Fishers,"['cafe', 'store']","[['05:00', '21:00'], ['05:00', '21:00'], ['05:00', '21:00'], ['05:00', '21:00'], ['05:00', '21:00'], ['05:00', '21:00'], ['05:00', '21:00']]",21.0,5.0
149,Portillo's Hot Dogs,4.3,5408.0,1.0,ChIJc59l_3y0FIgRlM30ll584FI,OPERATIONAL,Launch Fishers,[],"[['10:30', '22:00'], ['10:30', '22:00'], ['10:30', '22:00'], ['10:30', '22:00'], ['10:30', '22:00'], ['10:30', '23:00'], ['10:30', '23:00']]",22.285714285714285,10.5
150,Ali'i Poke Fishers,4.9,232.0,1.0,ChIJ5b7ryCe1FIgRYQ2cmJtXauU,OPERATIONAL,Launch Fishers,[],"[['11:00', '21:00'], ['11:00', '21:00'], ['11:00', '21:00'], ['11:00', '21:00'], ['11:00', '21:00'], ['11:00', '22:00'], ['11:00', '22:00']]",21.285714285714285,11.0
151,Puccini's Pizza & Pasta-Fishers,4.4,349.0,2.0,ChIJK6GspAizFIgRi4YQk5LE7wU,OPERATIONAL,Launch Fishers,[],"[['12:00', '21:00'], ['11:00', '14:00'], ['16:00', '21:00'], ['11:00', '14:00'], ['16:00', '21:00'], ['11:00', '14:00'], ['16:00', '21:00'], ['11:00', '14:00'], ['16:00', '21:00'], ['11:00', '14:00'], ['16:00', '22:00'], ['12:00', '22:00']]",18.25,13.25
152,Subway,3.5,44.0,1.0,ChIJq67VBX-0FIgRlUSpjJYB5dY,OPERATIONAL,Launch Fishers,[],"[['09:00', '21:00'], ['09:00', '21:00'], ['09:00', '21:00'], ['09:00', '21:00'], ['09:00', '21:00'], ['09:00', '21:00'], ['09:00', '21:00']]",21.0,9.0
153,QDOBA Mexican Eats,4.1,435.0,1.0,ChIJCZnhBX-0FIgRmV7a3lQldks,OPERATIONAL,Launch Fishers,['bar'],"[['10:30', '22:00'], ['10:30', '22:00'], ['10:30', '22:00'], ['10:30', '22:00'], ['10:30', '22:00'], ['10:30', '22:00'], ['10:30', '22:00']]",22.0,10.5
154,Shake Shack,3.5,595.0,2.0,ChIJPU-Tc9y1FIgR9ygZNy9P028,OPERATIONAL,Launch Fishers,[],"[['11:00', '21:00'], ['11:00', '21:00'], ['11:00', '21:00'], ['11:00', '21:00'], ['11:00', '21:00'], ['11:00', '22:00'], ['11:00', '22:00']]",21.285714285714285,11.0
155,Dairy Queen Grill & Chill,3.4,280.0,1.0,ChIJwQRWmA20FIgRLPVDYN9Wakk,OPERATIONAL,Launch Fishers,['store'],"[['11:00', '22:00'], ['10:30', '22:00'], ['10:30', '22:00'], ['10:30', '22:00'], ['10:30', '22:00'], ['10:30', '22:00'], ['10:30', '22:00']]",22.0,10.571428571428571
156,Another Broken Egg Cafe,4.6,750.0,2.0,ChIJCz2deoGzFIgR6LJ7yzNPWvo,OPERATIONAL,Launch Fishers,['cafe'],"[['07:00', '14:00'], ['07:00', '14:00'], ['07:00', '14:00'], ['07:00', '14:00'], ['07:00', '14:00'], ['07:00', '14:00'], ['07:00', '14:00']]",14.0,7.0
157,Black iris,4.0578947368421066,499.0877192982456,1.4772727272727273,ChIJY-PVX5q1FIgRj4n1MzZKC08,OPERATIONAL,Launch Fishers,[],"[['none', 'none'], ['none', 'none'], ['none', 'none'], ['none', 'none'], ['none', 'none'], ['none', 'none'], ['none', 'none']]",21.113944245409765,9.712970219435736
158,LouVino Fishers Restaurant & Wine Bar,4.3,486.0,3.0,ChIJvX1seYGzFIgRIJ5PilR6IXo,OPERATIONAL,Launch Fishers,['bar'],"[['10:00', '14:00'], ['17:00', '21:00'], ['17:00', '21:00'], ['17:00', '21:00'], ['16:30', '22:00'], ['10:00', '14:00'], ['16:30', '22:00']]",19.285714285714285,14.857142857142858
159,Arby's,4.0,168.0,1.0,ChIJM3m2-g20FIgR2cbXtMhOMDg,OPERATIONAL,Launch Fishers,['store'],"[['10:00', '20:00'], ['10:00', '20:00'], ['10:00', '20:00'], ['10:00', '20:00'], ['10:00', '20:00'], ['10:00', '20:00'], ['10:00', '20:00']]",20.0,10.0
160,The HC Tavern + Kitchen,4.5,359.0,1.4772727272727273,ChIJ-VTTzTe1FIgRiYzhanCLhNA,OPERATIONAL,Launch Fishers,[],"[['11:00', '21:00'], ['11:00', '23:00'], ['11:00', '23:00'], ['11:00', '23:00'], ['11:00', '23:00'], ['11:00', '00:00'], ['11:00', '00:00']]",23.0,11.0
161,Samano's Mexican Food,4.3,242.0,2.0,ChIJobo-cPezFIgR403LDTg9YRc,OPERATIONAL,Launch Fishers,['bar'],"[['08:30', '21:00'], ['08:30', '21:00'], ['08:30', '21:00'], ['08:30', '21:00'], ['08:30', '21:00'], ['08:30', '22:00'], ['08:30', '22:00']]",21.285714285714285,8.5
162,Thai Sushi House,4.4,494.0,2.0,ChIJj7adKoKzFIgR2psoPdiKv3g,OPERATIONAL,Launch Fishers,[],"[['12:00', '21:00'], ['11:00', '14:30'], ['16:30', '21:00'], ['11:00', '14:30'], ['16:30', '21:00'], ['11:00', '14:30'], ['16:30', '21:00'], ['11:00', '14:30'], ['16:30', '21:00'], ['11:00', '14:30'], ['16:30', '22:00'], ['11:00', '22:00']]",18.458333333333332,13.375
163,Poke Bros,5.0,11.0,1.4772727272727273,ChIJt0sMJKWzFIgRmyXW7S1POfg,OPERATIONAL,Launch Fishers,[],"[['11:00', '21:00'], ['11:00', '21:00'], ['11:00', '21:00'], ['11:00', '21:00'], ['11:00', '21:00'], ['11:00', '21:00'], ['11:00', '21:00']]",21.0,11.0
164,RIZE Fishers,4.6,145.0,1.4772727272727273,ChIJa9XsyX-1FIgRQlsn-cQeaME,OPERATIONAL,Launch Fishers,[],"[['07:00', '15:00'], ['07:00', '14:00'], ['07:00', '14:00'], ['07:00', '14:00'], ['07:00', '14:00'], ['07:00', '14:00'], ['07:00', '15:00']]",14.285714285714286,7.0
165,Chicken Salad Chick,4.5,131.0,2.0,ChIJ40Tp2GC1FIgR0DjZsTRefj4,OPERATIONAL,Launch Fishers,[],"[['10:00', '20:00'], ['10:00', '20:00'], ['10:00', '20:00'], ['10:00', '20:00'], ['10:00', '20:00'], ['10:00', '20:00']]",20.0,10.0
166,Tropical Smoothie Cafe,4.2,138.0,1.0,ChIJRQyGG5O1FIgR3db_dnJCbw8,OPERATIONAL,Launch Fishers,[],"[['10:00', '20:00'], ['07:00', '21:00'], ['07:00', '21:00'], ['07:00', '21:00'], ['07:00', '21:00'], ['07:00', '21:00'], ['08:00', '21:00']]",20.857142857142858,7.571428571428571
167,BIBIBOP Asian Grill,4.5,162.0,1.0,ChIJKQrHKYe1FIgRuJic5fBJfaA,OPERATIONAL,Launch Fishers,[],"[['10:30', '20:00'], ['10:30', '21:00'], ['10:30', '21:00'], ['10:30', '21:00'], ['10:30', '21:00'], ['10:30', '22:00'], ['10:30', '22:00']]",21.142857142857142,10.5
168,Bento Café - Fishers,4.5,518.0,2.0,ChIJo3-0uGa0FIgRMwPWWQu2i2Q,OPERATIONAL,Launch Fishers,['cafe'],"[['12:00', '21:00'], ['11:00', '21:30'], ['11:00', '21:30'], ['11:00', '21:30'], ['11:00', '21:30'], ['11:00', '22:00'], ['11:00', '22:00']]",21.571428571428573,11.142857142857142
169,Sangrita Cantina - Fishers,3.8,149.0,1.4772727272727273,ChIJYw1tvkm1FIgRhrnzvH0b2TU,OPERATIONAL,Launch Fishers,[],"[['11:00', '21:00'], ['11:00', '22:00'], ['11:00', '22:00'], ['11:00', '22:00'], ['11:00', '22:00'], ['11:00', '23:00'], ['11:00', '23:00']]",22.142857142857142,11.0
170,101 Beer Kitchen,4.4,385.0,2.0,ChIJpXD6c3m1FIgRzNW67GS_YhE,OPERATIONAL,Launch Fishers,['bar'],"[['11:00', '20:00'], ['11:30', '21:00'], ['11:30', '21:00'], ['11:30', '21:00'], ['11:30', '21:00'], ['11:00', '22:00'], ['11:00', '22:00']]",21.142857142857142,11.285714285714286
171,bp,3.1,17.0,1.4772727272727273,ChIJHZwPkg60FIgRZor0CQQOEZA,OPERATIONAL,Launch Fishers,"['gas_station', 'atm', 'convenience_store', 'finance', 'store']","[['00:00', 'none']]",30.0,0.0
172,Chipotle Mexican Grill,3.3,198.0,1.0,ChIJzT39QLW1FIgRvLvfOLWqY7o,OPERATIONAL,Launch Fishers,[],"[['11:30', '21:00'], ['11:30', '21:00'], ['11:30', '21:00'], ['11:30', '21:00'], ['11:30', '21:00'], ['11:30', '21:00'], ['11:30', '21:00']]",21.0,11.5
173,Havana Cigar Lounge,4.5,212.0,1.4772727272727273,ChIJ9ZxAGC21FIgR_mCJIJxAE9E,OPERATIONAL,Launch Fishers,"['night_club', 'bar', 'store']","[['12:00', '00:00'], ['12:00', '00:00'], ['12:00', '00:00'], ['12:00', '00:00'], ['12:00', '01:00'], ['12:00', '01:00'], ['12:00', '01:00']]",24.428571428571427,12.0
174,1933 Lounge by St. Elmo,4.5,369.0,1.4772727272727273,ChIJy1krsbK1FIgRf_Jhp_xNQTU,OPERATIONAL,Launch Fishers,['bar'],"[['12:00', '21:00'], ['11:00', '23:00'], ['11:00', '23:00'], ['11:00', '23:00'], ['11:00', '23:00'], ['11:00', '00:00'], ['11:00', '00:00']]",23.0,11.142857142857142
175,McDonald's,2.9,695.0,1.0,ChIJNauOJQy0FIgRlsPl_IRy_5k,OPERATIONAL,Launch Fishers,"['cafe', 'store']","[['06:00', '23:00'], ['05:00', '23:00'], ['05:00', '23:00'], ['05:00', '23:00'], ['05:00', '23:00'], ['05:00', '00:00'], ['05:00', '00:00']]",23.285714285714285,5.142857142857143
176,The Original Pancake House,4.3,476.0,2.0,ChIJCfAzrYOzFIgR-VSfhfVDICE,OPERATIONAL,Launch Fishers,[],"[['06:30', '15:00'], ['06:30', '14:00'], ['06:30', '14:00'], ['06:30', '14:00'], ['06:30', '14:00'], ['06:30', '14:00'], ['06:30', '15:00']]",14.285714285714286,6.5
177,Aso Ramen,4.6,20.0,1.4772727272727273,ChIJsWzuVoKzFIgR496tWLS_bQI,OPERATIONAL,Launch Fishers,[],"[['11:00', '21:00'], ['11:00', '21:30'], ['11:00', '21:30'], ['11:00', '21:30'], ['11:00', '21:30'], ['11:00', '22:00'], ['11:00', '22:00']]",21.571428571428573,11.0
178,Fishers Test Kitchen,4.3,130.0,1.4772727272727273,ChIJFcFACXe1FIgRemfXi7JY_qM,OPERATIONAL,Launch Fishers,[],"[['11:00', '20:00'], ['11:00', '21:00'], ['11:00', '21:00'], ['11:00', '21:00'], ['11:00', '21:00'], ['11:00', '23:00'], ['11:00', '23:00']]",21.428571428571427,11.0
179,Sun King Fishers Small-Batch Brewery,4.3,272.0,1.0,ChIJGdBLhESzFIgRSZkmVAynNXk,OPERATIONAL,Launch Fishers,['bar'],"[['11:00', '21:00'], ['15:00', '22:00'], ['15:00', '22:00'], ['15:00', '22:00'], ['11:00', '22:00'], ['11:00', '23:00'], ['11:00', '23:00']]",22.142857142857142,12.714285714285714
180,Arby's,4.0,1106.0,1.0,ChIJadtg-aJQa4gRuAQvj5kEFXw,OPERATIONAL,Launch Indy,['store'],"[['10:00', '22:00'], ['10:00', '22:00'], ['10:00', '22:00'], ['10:00', '22:00'], ['10:00', '22:00'], ['10:00', '22:00'], ['10:00', '22:00']]",22.0,10.0
181,Subway,3.3,125.0,1.0,ChIJbziYAaNQa4gRe1b78K8zNy8,OPERATIONAL,Launch Indy,[],"[['10:00', '20:00'], ['08:00', '20:00'], ['08:00', '21:00'], ['08:00', '21:00'], ['08:00', '21:00'], ['08:00', '20:00'], ['09:00', '20:00']]",20.428571428571427,8.428571428571429
182,White Castle,3.7,1592.0,1.0,ChIJJZbfgaNQa4gRDRp0KPWDbY8,OPERATIONAL,Launch Indy,[],"[['06:00', '00:00'], ['06:00', '01:00'], ['06:00', '01:00'], ['06:00', '01:00'], ['06:00', '00:00']]",24.6,6.0
183,Slippery Noodle Inn,4.5,2430.0,2.0,ChIJASrlcqNQa4gR-6AfOrN-Tf4,OPERATIONAL,Launch Indy,['bar'],"[['11:00', '01:00'], ['11:00', '01:00'], ['11:00', '01:00'], ['11:00', '01:00'], ['12:00', '01:00']]",25.0,11.2
184,Chef JJ's Downtown,4.7,50.0,1.8974358974358974,ChIJuTx6e6NQa4gRp9TFmCwh2Lo,OPERATIONAL,Launch Indy,['store'],"[['none', 'none'], ['none', 'none'], ['none', 'none'], ['none', 'none'], ['none', 'none'], ['none', 'none'], ['none', 'none']]",21.497166666666672,12.169523809523811
185,Shapiro's Delicatessen,4.5,4381.0,2.0,ChIJv0dTL6FQa4gRa7_BqZFb5bo,OPERATIONAL,Launch Indy,"['bakery', 'store']","[['10:00', '19:30'], ['10:00', '19:30'], ['10:00', '19:30'], ['10:00', '19:30'], ['10:00', '19:30'], ['10:00', '19:30'], ['10:00', '19:30']]",19.5,10.0
186,Brothers Bar & Grill,4.2,1368.0,1.8974358974358974,ChIJma3kJaNQa4gR9s3bMfdev6k,OPERATIONAL,Launch Indy,['bar'],"[['11:00', '00:00'], ['11:00', '03:00'], ['11:00', '03:00'], ['11:00', '03:00'], ['11:00', '03:00'], ['11:00', '03:00'], ['11:00', '03:00']]",26.571428571428573,11.0
187,Nesso,4.7,219.0,1.8974358974358974,ChIJ4wgezqtRa4gRFn_yM5uaF6U,OPERATIONAL,Launch Indy,[],"[['17:00', '22:00'], ['17:00', '22:00'], ['17:00', '22:00'], ['17:00', '22:00'], ['17:00', '22:00']]",22.0,17.0
188,Taps and Dolls,4.0,802.0,2.0,ChIJ28A3MKNQa4gRH3FF66Wx0os,OPERATIONAL,Launch Indy,['bar'],"[['18:00', '03:00'], ['18:00', '03:00'], ['18:00', '03:00'], ['18:00', '03:00'], ['18:00', '03:00'], ['18:00', '03:00'], ['18:00', '03:00']]",27.0,18.0
189,Floretta Long,4.116363636363635,851.7272727272727,1.8974358974358974,ChIJlUBmK4NRa4gRBQ_ZjutsXyQ,OPERATIONAL,Launch Indy,[],"[['none', 'none'], ['none', 'none'], ['none', 'none'], ['none', 'none'], ['none', 'none'], ['none', 'none'], ['none', 'none']]",21.497166666666672,12.169523809523811
190,Market Table Restaurant at The Alexander Hotel,4.1,57.0,1.8974358974358974,ChIJlUfdaJhQa4gRKBfATZ0uTRI,OPERATIONAL,Launch Indy,[],"[['07:00', '11:00'], ['06:30', '10:00'], ['06:30', '10:00'], ['06:30', '10:00'], ['06:30', '10:00'], ['06:30', '10:00'], ['07:00', '11:00']]",10.285714285714286,6.642857142857143
191,Firehouse Dawgs,4.116363636363635,851.7272727272727,1.8974358974358974,ChIJKbJN8cdRa4gRfj6mSZtDb8M,OPERATIONAL,Launch Indy,[],"[['23:00', '03:00'], ['23:00', '03:00']]",27.0,23.0
192,Yolk - City Way,4.4,1413.0,2.0,ChIJy3dDZJhQa4gR2KpR-QY8eIc,OPERATIONAL,Launch Indy,"['cafe', 'store']","[['07:30', '14:00'], ['07:30', '14:00'], ['07:30', '14:00'], ['07:30', '14:00'], ['07:30', '14:00'], ['07:30', '14:00'], ['07:30', '14:00']]",14.0,7.5
193,Taxman CityWay,4.3,175.0,2.0,ChIJ8W689MNRa4gRbASlPgHevn0,OPERATIONAL,Launch Indy,['bar'],"[['10:00', '22:00'], ['16:00', '22:00'], ['16:00', '22:00'], ['16:00', '22:00'], ['16:00', '22:00'], ['12:00', '23:00'], ['12:00', '23:00']]",22.285714285714285,14.0
194,Greek Islands,4.6,866.0,2.0,ChIJRVxmzqBQa4gR4b2LC7WqcM4,OPERATIONAL,Launch Indy,['store'],"[['11:00', '21:00'], ['11:00', '21:00'], ['11:00', '21:00'], ['11:00', '22:00'], ['15:00', '22:00']]",21.4,11.8
195,"2021 Chicken & Beer Fest, Indianapolis",3.0,1.0,1.8974358974358974,ChIJb2mfTSxRa4gRcAkOgxxeWvQ,OPERATIONAL,Launch Indy,[],"[['none', 'none'], ['none', 'none'], ['none', 'none'], ['none', 'none'], ['none', 'none'], ['none', 'none'], ['none', 'none']]",21.497166666666672,12.169523809523811
196,1913 Restaurant,4.4,46.0,1.8974358974358974,ChIJrVeHU6NQa4gRcKHyeL1OmLI,CLOSED_TEMPORARILY,Launch Indy,[],"[['none', 'none'], ['none', 'none'], ['none', 'none'], ['none', 'none'], ['none', 'none'], ['none', 'none'], ['none', 'none']]",21.497166666666672,12.169523809523811
197,QDOBA Mexican Eats,4.2,324.0,1.0,ChIJa8Z3VZ9Qa4gRt5BjmeDTUyM,OPERATIONAL,Launch Indy,['bar'],"[['10:30', '21:00'], ['10:30', '21:00'], ['10:30', '21:00'], ['10:30', '21:00'], ['10:30', '21:00'], ['10:30', '22:00'], ['10:30', '22:00']]",21.285714285714285,10.5
198,Ethiopian Eng’s Egg Workshop,4.116363636363635,851.7272727272727,1.8974358974358974,ChIJr-U7Fn9Ra4gR_AdC3YbkKcE,OPERATIONAL,Launch Indy,[],"[['none', 'none'], ['none', 'none'], ['none', 'none'], ['none', 'none'], ['none', 'none'], ['none', 'none'], ['none', 'none']]",21.497166666666672,12.169523809523811
199,The Old Spaghetti Factory,4.4,2772.0,2.0,ChIJvf37y7xQa4gRFxA9Q6o8zT4,OPERATIONAL,Launch Indy,['bar'],"[['12:00', '21:30'], ['11:00', '14:00'], ['17:00', '21:30'], ['11:00', '14:00'], ['17:00', '21:30'], ['11:00', '14:00'], ['17:00', '21:30'], ['11:00', '14:00'], ['17:00', '21:30'], ['11:00', '14:00'], ['17:00', '22:30'], ['12:00', '22:30']]",18.541666666666668,13.666666666666666
200,Severin Bar,4.0,23.0,1.8974358974358974,ChIJI1Z_VKNQa4gRtfMOFVG0b4g,OPERATIONAL,Launch Indy,['bar'],"[['16:00', '21:00'], ['16:00', '21:00'], ['16:00', '21:00'], ['16:00', '21:00'], ['16:00', '23:00'], ['16:00', '23:00']]",21.666666666666668,16.0
201,Kilroy's,4.3,2913.0,2.0,ChIJGdr7zbxQa4gR1AGhLC6j-jA,OPERATIONAL,Launch Indy,['bar'],"[['11:00', '00:00'], ['11:00', '01:00'], ['11:00', '01:00'], ['11:00', '01:00'], ['11:00', '01:00'], ['11:00', '02:00'], ['11:00', '02:00']]",25.142857142857142,11.0
202,Hooters,3.9,1302.0,2.0,ChIJX5wqsbxQa4gRSUsCNivZ2tU,OPERATIONAL,Launch Indy,"['meal_delivery', 'bar']","[['11:00', '21:00'], ['11:00', '21:00'], ['11:00', '21:00'], ['11:00', '21:00'], ['11:00', '21:00'], ['11:00', '21:00'], ['11:00', '21:00']]",21.0,11.0
203,Helium Comedy Club,4.6,900.0,1.8974358974358974,ChIJxUVIdcpRa4gR0nwaIVzRVMU,OPERATIONAL,Launch Indy,"['night_club', 'bar']","[['18:00', '22:00'], ['18:00', '23:00'], ['17:30', '00:00'], ['17:30', '00:00']]",23.25,17.75
204,Steak 'n Shake,4.116363636363635,851.7272727272727,1.0,ChIJFxPmq_lRa4gR2cwMXTVlqmo,OPERATIONAL,Launch Indy,[],"[['none', 'none'], ['none', 'none'], ['none', 'none'], ['none', 'none'], ['none', 'none'], ['none', 'none'], ['none', 'none']]",21.497166666666672,12.169523809523811
205,Varsity Club Restaurant,4.0,7.0,1.8974358974358974,ChIJdenNT71Qa4gRgTOnj2VaO4s,OPERATIONAL,Launch Indy,[],"[['11:30', '21:00'], ['11:30', '21:00'], ['11:30', '21:00'], ['11:30', '21:00'], ['11:30', '21:00'], ['11:30', '21:00'], ['11:30', '21:00']]",21.0,11.5
206,HotBox Pizza,3.9,389.0,1.0,ChIJa5K2PL1Qa4gRJKkkwr6rznA,OPERATIONAL,Launch Indy,['meal_delivery'],"[['10:00', '00:00'], ['10:00', '00:00'], ['10:00', '00:00'], ['10:00', '00:00'], ['10:00', '00:00'], ['10:00', '00:00'], ['10:00', '00:00']]",24.0,10.0
207,Pier 48 Fish House & Oyster Bar,4.3,257.0,1.8974358974358974,ChIJLV6kC2xRa4gRuYzDZ1irFLg,OPERATIONAL,Launch Indy,[],"[['11:00', '21:00'], ['11:00', '22:00'], ['11:00', '22:00'], ['11:00', '22:00'], ['11:00', '22:00'], ['11:00', '23:00'], ['11:00', '23:00']]",22.142857142857142,11.0
208,The District Tap,4.4,554.0,2.0,ChIJP6eM_e5Ra4gRRJM6Lc1naYE,OPERATIONAL,Launch Indy,['bar'],"[['11:00', '00:00'], ['11:00', '00:00'], ['11:00', '00:00'], ['11:00', '00:00'], ['11:00', '02:00'], ['11:00', '02:00'], ['11:00', '02:00']]",24.857142857142858,11.0
209,Iozzo's Garden of Italy,4.6,1228.0,2.0,ChIJUxWLsKBQa4gRwXczHgd5rs4,OPERATIONAL,Launch Indy,['bar'],"[['16:00', '20:00'], ['16:00', '21:00'], ['16:00', '21:00'], ['11:00', '21:00'], ['11:00', '21:00'], ['11:00', '22:00'], ['16:00', '22:00']]",21.142857142857142,13.857142857142858
210,Pivot Bar and Balcony,4.2,39.0,1.8974358974358974,ChIJNcujU25Ra4gR_UbJAeeLRVI,OPERATIONAL,Launch Indy,['bar'],"[['16:00', '23:00'], ['16:00', '23:00'], ['16:00', '23:00'], ['16:00', '23:00'], ['16:00', '23:00']]",23.0,16.0
211,Subway,4.0,8.0,1.0,ChIJMThrb59Qa4gR10DvLiVyU0o,OPERATIONAL,Launch Indy,[],"[['08:00', '14:00'], ['08:00', '14:00'], ['08:00', '14:00'], ['08:00', '14:00'], ['08:00', '14:00']]",14.0,8.0
212,A&W Restaurant,3.9,85.0,1.0,ChIJWUxFfbxQa4gRZ4w2CsuonPQ,OPERATIONAL,Launch Indy,[],"[['10:30', '21:00'], ['10:30', '21:00'], ['10:30', '21:00'], ['10:30', '21:00'], ['10:30', '21:00'], ['10:30', '21:00'], ['10:30', '21:00']]",21.0,10.5
213,Harry & Izzy's,4.7,2625.0,4.0,ChIJc5jIp7xQa4gRyBw22V5K24k,OPERATIONAL,Launch Indy,[],"[['12:00', '21:00'], ['11:00', '23:00'], ['11:00', '23:00'], ['11:00', '23:00'], ['11:00', '23:00'], ['11:00', '00:00'], ['11:00', '00:00']]",23.0,11.142857142857142
214,Sauce on the Side,4.7,113.0,1.8974358974358974,ChIJGckms2BRa4gRUFHURJspVy0,OPERATIONAL,Launch Indy,[],"[['12:00', '20:00'], ['11:00', '21:00'], ['11:00', '21:00'], ['11:00', '21:00'], ['11:00', '21:00'], ['11:00', '22:00'], ['11:00', '22:00']]",21.142857142857142,11.142857142857142
215,Mikado,4.3,552.0,3.0,ChIJSYmTWbtQa4gRzCCGboCztC0,OPERATIONAL,Launch Indy,[],"[['16:00', '21:00'], ['16:00', '21:00'], ['16:00', '21:00'], ['16:00', '21:00'], ['16:00', '21:30'], ['16:00', '21:30']]",21.166666666666668,16.0
216,Punch Bowl Social Indianapolis,4.1,1602.0,2.0,ChIJz9BSf7xQa4gR2rm0FrwlYHU,OPERATIONAL,Launch Indy,"['bowling_alley', 'bar']","[['10:00', '00:00'], ['11:00', '00:00'], ['11:00', '00:00'], ['11:00', '00:00'], ['11:00', '00:00'], ['11:00', '02:00'], ['10:00', '02:00']]",24.571428571428573,10.714285714285714
217,St. Elmo Steak House,4.7,3632.0,4.0,ChIJL-H0oLxQa4gRtk7Der5Av0w,OPERATIONAL,Launch Indy,"['night_club', 'bar']","[['16:00', '22:00'], ['16:00', '23:00'], ['16:00', '23:00'], ['16:00', '23:00'], ['16:00', '23:00'], ['16:00', '23:00'], ['15:00', '23:00']]",22.857142857142858,15.857142857142858
218,Gallery Pastry Bar,4.6,154.0,1.8974358974358974,ChIJObziD3NRa4gRu5u1oALQ3Ug,OPERATIONAL,Launch Indy,"['cafe', 'bar']","[['08:00', '16:00'], ['08:00', '16:00'], ['08:00', '16:00'], ['08:00', '16:00'], ['08:00', '16:00'], ['08:00', '16:00']]",16.0,8.0
219,Goodwood Indy,4.2,33.0,1.8974358974358974,ChIJj3jweeBRa4gRhRi2tcXhWW0,OPERATIONAL,Launch Indy,['bar'],"[['11:00', '21:00'], ['11:00', '22:00'], ['11:00', '22:00'], ['11:00', '22:00'], ['11:00', '22:00'], ['11:00', '00:00'], ['11:00', '00:00']]",22.428571428571427,11.0
220,Spoke & Steele,4.4,385.0,2.0,ChIJNyUjn7xQa4gRCPGB-xIvIBs,OPERATIONAL,Launch Indy,['bar'],"[['08:00', '13:00'], ['17:00', '21:30'], ['07:00', '11:00'], ['17:00', '21:30'], ['07:00', '11:00'], ['17:00', '21:30'], ['07:00', '11:00'], ['17:00', '21:30'], ['07:00', '11:00'], ['17:00', '21:30'], ['07:00', '11:00'], ['17:00', '21:30'], ['08:00', '13:00'], ['17:00', '21:30']]",16.535714285714285,12.142857142857142
221,Yard House,4.4,2326.0,2.0,ChIJUYeec71Qa4gRyRvSkhRsUxo,OPERATIONAL,Launch Indy,['bar'],"[['11:00', '22:30'], ['11:00', '22:30'], ['11:00', '22:30'], ['11:00', '22:30'], ['11:00', '22:30'], ['11:00', '23:30'], ['11:00', '23:30']]",22.785714285714285,11.0
222,Nada,4.4,1952.0,2.0,ChIJccxl8rxQa4gRMZVqAEys2vc,OPERATIONAL,Launch Indy,['bar'],"[['17:00', '22:00'], ['17:00', '22:00'], ['17:00', '22:00'], ['17:00', '22:00'], ['17:00', '22:00'], ['17:00', '22:00']]",22.0,17.0
223,Steak 'n Shake Headquarters,1.5,196.0,1.0,ChIJb-DRB71Qa4gRPL7sdy47xpM,OPERATIONAL,Launch Indy,[],"[['09:00', '17:00'], ['09:00', '17:00'], ['09:00', '17:00'], ['09:00', '17:00'], ['09:00', '17:00']]",17.0,9.0
224,"INDYO FROZEN YOGURT, CARAMEL CORN & COFFEE",3.6,92.0,1.0,ChIJQ2tahbxQa4gRbjnsMa47trs,OPERATIONAL,Launch Indy,"['cafe', 'store']","[['12:00', '18:00'], ['10:00', '19:00'], ['10:00', '19:00'], ['10:00', '19:00'], ['10:00', '19:00'], ['10:00', '19:00'], ['10:00', '19:00']]",18.857142857142858,10.285714285714286
225,Steak 'n Shake,3.6,1431.0,1.0,ChIJYaKofLtQa4gRd5qf5h0XXig,OPERATIONAL,Launch Indy,[],"[['10:00', '00:00'], ['10:00', '00:00'], ['10:00', '00:00'], ['10:00', '00:00'], ['10:00', '00:00'], ['10:00', '00:00'], ['10:00', '00:00']]",24.0,10.0
226,Tin Roof,4.0,852.0,1.0,ChIJexEho71Qa4gRN_19ml4q-OE,OPERATIONAL,Launch Indy,['bar'],"[['11:00', '03:00'], ['16:00', '03:00'], ['16:00', '03:00'], ['16:00', '03:00'], ['16:00', '03:00'], ['11:00', '03:00']]",27.0,14.333333333333334
227,Prime 47- Indy's Steakhouse,4.6,669.0,4.0,ChIJKfHsDL1Qa4gRGJ3g9Inh5r0,OPERATIONAL,Launch Indy,[],"[['17:00', '21:00'], ['17:00', '21:00'], ['17:00', '21:00'], ['17:00', '21:00'], ['17:00', '22:00'], ['17:00', '22:00']]",21.333333333333332,17.0
228,O'Reilly's Irish Bar & Restaurant,4.2,488.0,2.0,ChIJb-Qgo71Qa4gRinKi3mprdKA,OPERATIONAL,Launch Indy,['bar'],"[['11:00', '00:00'], ['11:00', '00:00'], ['11:00', '00:00'], ['11:00', '00:00'], ['11:00', '00:00'], ['11:00', '00:00'], ['11:00', '00:00']]",24.0,11.0
229,The Oceanaire Seafood Room,4.5,974.0,3.0,ChIJ85yF9rxQa4gRpziEPTO4e4U,OPERATIONAL,Launch Indy,[],"[['17:00', '21:00'], ['17:00', '21:00'], ['17:00', '21:00'], ['17:00', '21:00'], ['17:00', '21:00'], ['17:00', '22:00'], ['17:00', '22:00']]",21.285714285714285,17.0
230,Tavern On South,4.2,755.0,2.0,ChIJd8XKCq9Qa4gR_a0Hzy2wxBw,OPERATIONAL,Launch Indy,['bar'],"[['11:00', '13:30'], ['11:00', '13:30'], ['16:00', '20:00'], ['11:00', '13:30'], ['16:00', '20:00'], ['11:00', '13:30'], ['16:00', '20:00'], ['11:00', '13:30'], ['16:00', '21:00'], ['16:30', '21:00']]",16.95,13.55
231,Pearl Street Pizzeria & Pub,4.5,832.0,2.0,ChIJtyC7qb1Qa4gRdhc0FcqReps,OPERATIONAL,Launch Indy,"['meal_delivery', 'bar']","[['12:00', '02:00'], ['11:00', '02:00'], ['11:00', '02:00'], ['11:00', '02:00'], ['11:00', '02:00'], ['11:00', '02:00'], ['12:00', '02:00']]",26.0,11.285714285714286
232,Dos Hombres,3.3,48.0,1.8974358974358974,ChIJwQI99aFRa4gR28GJV_16CWk,OPERATIONAL,Launch Indy,[],"[['none', 'none'], ['none', 'none'], ['none', 'none'], ['none', 'none'], ['none', 'none'], ['none', 'none'], ['none', 'none']]",21.497166666666672,12.169523809523811
233,Ruth's Chris Steak House,4.6,969.0,4.0,ChIJWXrLf7xQa4gRalzULK3ex5Q,OPERATIONAL,Launch Indy,[],"[['16:00', '21:00'], ['11:00', '22:00'], ['11:00', '22:00'], ['11:00', '22:00'], ['11:00', '22:00'], ['11:00', '23:00'], ['16:00', '23:00']]",22.142857142857142,12.428571428571429
234,T & T Tran II,4.116363636363635,851.7272727272727,1.8974358974358974,ChIJWUxFfbxQa4gRjLWpZ01Nitc,OPERATIONAL,Launch Indy,[],"[['none', 'none'], ['none', 'none'], ['none', 'none'], ['none', 'none'], ['none', 'none'], ['none', 'none'], ['none', 'none']]",21.497166666666672,12.169523809523811
235,Chin Sushi House,4.3,21.0,1.8974358974358974,ChIJ7ZtwR-NRa4gR1RkQRBDLl-k,OPERATIONAL,Launch Indy,[],"[['11:00', '21:00'], ['09:00', '21:00'], ['09:00', '21:00'], ['09:00', '21:00'], ['09:00', '21:00'], ['09:00', '21:00']]",21.0,9.333333333333334
236,Ember Urban Eatery,4.5,424.0,2.0,ChIJWau9zZtQa4gRham1PsyoW8M,OPERATIONAL,Launch Indy,['bar'],"[['16:00', '21:30'], ['16:00', '21:30'], ['16:00', '21:30'], ['16:00', '22:00'], ['12:00', '22:00']]",21.7,15.2
237,Ruth Chris steak house,1.0,1.0,1.8974358974358974,ChIJK4d3zjNRa4gR1oLl9vjdGj4,OPERATIONAL,Launch Indy,[],"[['none', 'none'], ['none', 'none'], ['none', 'none'], ['none', 'none'], ['none', 'none'], ['none', 'none'], ['none', 'none']]",21.497166666666672,12.169523809523811
238,Subway,4.2,42.0,1.0,ChIJWUxFfbxQa4gRifCBR7I7Ph4,OPERATIONAL,Launch Indy,[],"[['07:00', '17:00'], ['08:00', '17:00'], ['08:00', '17:00'], ['08:00', '17:00'], ['08:00', '17:00'], ['08:00', '17:00'], ['07:00', '17:00']]",17.0,7.714285714285714
239,Basey's Downtown Grill,4.2,245.0,1.0,ChIJFWzOBq9Qa4gRCh4qIieICUo,CLOSED_TEMPORARILY,Launch Indy,['bar'],"[['none', 'none'], ['none', 'none'], ['none', 'none'], ['none', 'none'], ['none', 'none'], ['none', 'none'], ['none', 'none']]",21.497166666666672,12.169523809523811
240,Half Liter BBQ & Beer Hall,4.5,423.0,2.0,ChIJ3a9pD1xTa4gRZGLjHLX4kCk,OPERATIONAL,The Speak Easy,['bar'],"[['11:00', '21:00'], ['11:00', '21:00'], ['11:00', '21:00'], ['11:00', '21:00'], ['11:00', '21:00'], ['11:00', '22:00'], ['11:00', '22:00']]",21.285714285714285,11.0
241,Good Morning Mama's Cafe,4.5,1450.0,2.0,ChIJCXK4MMlTa4gRxJRcDrYXnAU,OPERATIONAL,The Speak Easy,[],"[['08:00', '14:00'], ['08:00', '14:00'], ['08:00', '14:00'], ['08:00', '14:00'], ['08:00', '14:00']]",14.0,8.0
242,Mama Carolla's,4.7,1639.0,2.0,ChIJnycfNslTa4gRnhPSRbg0aq8,OPERATIONAL,The Speak Easy,[],"[['17:00', '21:30'], ['17:00', '21:30'], ['17:00', '21:30'], ['17:00', '21:30'], ['17:00', '21:30']]",21.5,17.0
243,Nicole-Taylor's Pasta and Market,4.7,91.0,1.5714285714285714,ChIJf6YU6ctTa4gR_AGH8MGsDdw,OPERATIONAL,The Speak Easy,"['grocery_or_supermarket', 'store']","[['10:00', '18:00'], ['10:00', '18:00'], ['10:00', '18:00'], ['10:00', '18:00'], ['10:00', '16:00']]",17.6,10.0
244,Diavola,4.6,363.0,2.0,ChIJf6YU6ctTa4gRyd3ULp7q0lI,OPERATIONAL,The Speak Easy,[],"[['17:00', '21:00'], ['17:00', '21:00'], ['17:00', '22:00'], ['17:00', '22:00'], ['17:00', '22:00'], ['17:00', '22:00'], ['17:00', '22:00']]",21.714285714285715,17.0
245,La Mulita,4.3,113.0,2.0,ChIJY8DMesVTa4gREmDHJjgqiDg,OPERATIONAL,The Speak Easy,[],"[['16:00', '21:00'], ['16:00', '21:00'], ['16:00', '21:00'], ['16:00', '21:00'], ['12:00', '22:00'], ['12:00', '22:00']]",21.333333333333332,14.666666666666666
246,Delicia,4.6,591.0,2.0,ChIJY8DMesVTa4gRWruNH024aZs,OPERATIONAL,The Speak Easy,[],"[['09:00', '14:00'], ['16:00', '21:00'], ['16:00', '21:00'], ['16:00', '21:00'], ['16:00', '21:00'], ['16:00', '22:00'], ['16:00', '22:00']]",20.285714285714285,15.0
247,Yats,4.8,1279.0,1.0,ChIJCS4GCcZTa4gRtLObEn7MrLY,OPERATIONAL,The Speak Easy,[],"[['11:00', '19:00'], ['11:00', '20:30'], ['11:00', '20:30'], ['11:00', '20:30'], ['11:00', '20:30'], ['11:00', '20:30'], ['11:00', '20:30']]",20.285714285714285,11.0
248,The Jazz Kitchen,4.7,1240.0,2.0,ChIJFZvWC8ZTa4gRVPAjkaseMos,OPERATIONAL,The Speak Easy,['bar'],"[['05:30', '23:00'], ['05:30', '23:00'], ['05:30', '23:00'], ['05:30', '23:00'], ['05:30', '23:00'], ['05:30', '13:00']]",21.333333333333332,5.5
249,Aristocrat Pub & Restaurant,4.5,1182.0,2.0,ChIJg2M2EsVTa4gRmpWQYKqPX_0,OPERATIONAL,The Speak Easy,['bar'],"[['10:00', '21:00'], ['16:00', '21:00'], ['11:00', '21:00'], ['11:00', '22:00'], ['11:00', '22:00']]",21.4,11.8
250,Red Key Tavern,4.6,219.0,1.0,ChIJAfTkP8VTa4gRvfR_F4HxUtc,OPERATIONAL,The Speak Easy,['bar'],"[['16:00', '23:00'], ['17:00', '00:00'], ['11:00', '00:00'], ['11:00', '00:00'], ['11:00', '00:00'], ['11:00', '00:00'], ['11:00', '00:00']]",23.857142857142858,12.571428571428571
251,The Little India restaurant,4.5,267.0,1.5714285714285714,ChIJ2cCA4dNTa4gR6kRPlyWNvyA,OPERATIONAL,The Speak Easy,[],"[['11:00', '15:00'], ['16:30', '21:00'], ['11:00', '15:00'], ['16:30', '21:30'], ['11:00', '15:00'], ['16:30', '21:30'], ['11:00', '15:00'], ['16:30', '21:30'], ['11:00', '15:00'], ['16:30', '21:30'], ['11:00', '15:00'], ['16:30', '21:30']]",18.208333333333332,13.75
252,Toro Tex-Mex,4.8,11.0,1.0,ChIJAy0EdlNTa4gRq3ZuQXDSchs,OPERATIONAL,The Speak Easy,[],"[['11:00', '21:00'], ['11:00', '21:00'], ['11:00', '21:00'], ['11:00', '21:00'], ['11:00', '21:00'], ['11:00', '23:00'], ['11:00', '23:00']]",21.571428571428573,11.0
253,Sam's Gyros,4.2,269.0,1.0,ChIJ00y-csZTa4gRqK6MYSB7eWc,OPERATIONAL,The Speak Easy,[],"[['12:00', '21:00'], ['11:00', '22:00'], ['11:00', '22:00'], ['11:00', '22:00'], ['11:00', '22:00'], ['11:00', '22:00'], ['11:00', '22:00']]",21.857142857142858,11.142857142857142
254,Restaurant,4.366666666666667,515.1929824561404,1.5714285714285714,ChIJG_PzWphTa4gRCmZSjRkha4s,OPERATIONAL,The Speak Easy,[],"[['none', 'none'], ['none', 'none'], ['none', 'none'], ['none', 'none'], ['none', 'none'], ['none', 'none'], ['none', 'none']]",20.825205254515602,11.507471264367815
255,Twenty Tap,4.7,873.0,2.0,ChIJaaZgbcZTa4gRIyiBimv4xcE,OPERATIONAL,The Speak Easy,"['bar', 'liquor_store', 'store']","[['12:00', '21:00'], ['16:00', '21:30'], ['16:00', '21:30'], ['16:00', '21:30'], ['16:00', '21:30'], ['16:00', '22:00'], ['12:00', '22:00']]",21.571428571428573,14.857142857142858
256,Fat Dan's Deli,4.6,383.0,2.0,ChIJWQIFbcZTa4gReXRSq1TAkUU,OPERATIONAL,The Speak Easy,"['bar', 'store']","[['11:00', '22:00'], ['11:00', '22:00'], ['11:00', '22:00'], ['11:00', '22:00'], ['11:00', '22:00'], ['11:00', '23:00'], ['11:00', '23:00']]",22.285714285714285,11.0
257,Greek's Pizzeria,4.6,416.0,2.0,ChIJsXrPh9pTa4gRSqcQE3VMP1M,OPERATIONAL,The Speak Easy,['meal_delivery'],"[['15:30', '21:30'], ['15:30', '21:30'], ['15:30', '21:30'], ['15:30', '21:30'], ['15:30', '21:30'], ['15:30', '23:00'], ['15:30', '23:00']]",21.928571428571427,15.5
258,Upland College Ave Tasting Room,4.5,227.0,1.5714285714285714,ChIJiTszYdpTa4gR1U-HmMJC784,OPERATIONAL,The Speak Easy,['bar'],"[['11:00', '22:00'], ['11:00', '22:00'], ['11:00', '22:00'], ['11:00', '22:00'], ['11:00', '22:00'], ['11:00', '00:00'], ['11:00', '00:00']]",22.571428571428573,11.0
259,Scarlet Lane Brewing SoBro Tap House,4.7,67.0,1.5714285714285714,ChIJqQubpPlTa4gRX-z5hMkxp8w,OPERATIONAL,The Speak Easy,['bar'],"[['11:00', '20:00'], ['15:00', '23:00'], ['15:00', '23:00'], ['15:00', '23:00'], ['11:00', '00:00'], ['11:00', '00:00']]",22.833333333333332,13.0
260,Root & Bone - Indianapolis,4.6,283.0,1.5714285714285714,ChIJVVUF_dlTa4gROgc2W4FrmH0,OPERATIONAL,The Speak Easy,[],"[['10:00', '21:00'], ['16:00', '22:00'], ['16:00', '22:00'], ['16:00', '22:00'], ['16:00', '22:00'], ['16:00', '23:00'], ['10:00', '23:00']]",22.142857142857142,14.285714285714286
261,Next Door American Eatery,4.9,154.0,1.5714285714285714,ChIJs4zceQNTa4gR2BFCpx_dBlI,OPERATIONAL,The Speak Easy,['bar'],"[['10:00', '21:00'], ['16:00', '23:00'], ['16:00', '23:00'], ['16:00', '23:00'], ['16:00', '23:00'], ['16:00', '00:00'], ['10:00', '00:00']]",23.0,14.285714285714286
262,Napolese Pizzeria,4.5,294.0,2.0,ChIJQTLJhN1Ta4gReLZerTNRtzs,OPERATIONAL,The Speak Easy,['bar'],"[['17:00', '21:00'], ['17:00', '21:00'], ['17:00', '21:00'], ['17:00', '21:00'], ['17:00', '21:00'], ['17:00', '21:00'], ['17:00', '21:00']]",21.0,17.0
263,Apocalypse Burger,4.4,72.0,1.5714285714285714,ChIJR3mK97lTa4gRqAud9XcjrOY,OPERATIONAL,The Speak Easy,[],"[['12:00', '19:00'], ['12:00', '20:00'], ['12:00', '20:00'], ['12:00', '21:00'], ['12:00', '21:00']]",20.2,12.0
264,Greenleaf Juice – Juice Bar,4.0,30.0,1.5714285714285714,ChIJ97e951xTa4gRv-fRavkbl1M,OPERATIONAL,The Speak Easy,[],"[['09:00', '16:00'], ['08:00', '16:00'], ['08:00', '16:00'], ['08:00', '16:00'], ['08:00', '16:00'], ['08:00', '16:00'], ['09:00', '16:00']]",16.0,8.285714285714286
265,Blupoint Oyster House,4.2,69.0,1.5714285714285714,ChIJq6o6JrpTa4gRP9Az0EjohmY,OPERATIONAL,The Speak Easy,[],"[['17:00', '21:00'], ['17:00', '21:00'], ['17:00', '21:00'], ['17:00', '22:00'], ['17:00', '22:00']]",21.4,17.0
266,Mississippi Belle,4.2,1070.0,2.0,ChIJc70rbzdSa4gRlOsO_DvbeuQ,OPERATIONAL,The Speak Easy,[],"[['11:00', '19:00'], ['11:00', '21:00'], ['11:00', '21:00'], ['11:00', '21:00'], ['11:00', '21:00'], ['11:00', '21:00']]",20.666666666666668,11.0
267,Indy Taco's,4.5,496.0,1.0,ChIJ05xNcDdSa4gRcHNwKLyp5Ao,OPERATIONAL,The Speak Easy,[],"[['12:00', '20:00'], ['11:00', '20:00'], ['11:00', '20:00'], ['11:00', '20:00'], ['11:00', '20:00'], ['11:00', '20:00'], ['11:00', '20:00']]",20.0,11.142857142857142
268,Log The Food Trailer,4.366666666666667,515.1929824561404,1.5714285714285714,ChIJk4J7oEZTa4gRpjMfqLZQCWo,OPERATIONAL,The Speak Easy,[],"[['17:00', '22:00'], ['17:00', '00:00'], ['17:00', '00:00'], ['17:00', '02:00'], ['17:00', '02:00']]",24.4,17.0
269,Papa Bears Chicken,4.2,298.0,1.0,ChIJmZs-xi5Sa4gRk6dVUH-ugso,OPERATIONAL,The Speak Easy,[],"[['12:00', '18:00'], ['11:00', '22:00'], ['11:00', '22:00'], ['11:00', '22:00'], ['11:00', '22:00'], ['11:00', '03:00'], ['11:00', '03:00']]",22.857142857142858,11.142857142857142
270,"Robert E. Kennington, American Legion Post 34",4.6,57.0,1.0,ChIJr3xNfTdSa4gRLrHQxayV0FU,OPERATIONAL,The Speak Easy,[],"[['12:00', '23:00'], ['17:00', '23:00'], ['12:00', '23:00'], ['17:00', '23:00'], ['17:00', '23:00']]",23.0,15.0
271,Londo's Flameade,4.8,102.0,1.5714285714285714,ChIJScuyIzRRa4gRdGQCEh1O9r4,OPERATIONAL,The Speak Easy,[],"[['12:00', '20:00'], ['12:00', '20:00'], ['12:00', '20:00'], ['12:00', '20:00'], ['13:00', '20:00']]",20.0,12.2
272,Pawn Shop Pub,4.4,603.0,1.0,ChIJXf5b3DlSa4gRydgexzFhibI,OPERATIONAL,The Speak Easy,['bar'],"[['11:00', '21:00'], ['11:00', '21:00'], ['11:00', '21:00'], ['11:00', '21:00'], ['11:00', '22:00'], ['11:00', '22:00'], ['11:00', '22:00']]",21.428571428571427,11.0
273,Bamboo House,4.2,184.0,1.0,ChIJ8w8mGjpSa4gRVfT-WLf5ykI,OPERATIONAL,The Speak Easy,['meal_delivery'],"[['11:00', '22:00'], ['11:00', '22:00'], ['11:00', '22:00'], ['11:00', '22:00'], ['11:00', '22:00'], ['11:00', '22:00']]",22.0,11.0
274,Ambrosia,4.7,427.0,3.0,ChIJgfHVKK9Ta4gRsPMRdGRfG4s,OPERATIONAL,The Speak Easy,['bar'],"[['17:00', '21:00'], ['17:00', '22:00'], ['17:00', '22:00'], ['17:00', '22:00'], ['17:00', '22:00'], ['17:00', '23:00'], ['17:00', '23:00']]",22.142857142857142,17.0
275,Binkley's KItchen and Bar,4.2,719.0,2.0,ChIJs_9bRrpTa4gRBjFmguWLHv0,OPERATIONAL,The Speak Easy,['bar'],"[['11:00', '22:00'], ['11:00', '22:00'], ['11:00', '22:00'], ['11:00', '22:00'], ['11:00', '00:00'], ['11:00', '00:00'], ['11:00', '00:00']]",22.857142857142858,11.0
276,Keystone Diner,4.4,344.0,1.0,ChIJo8qPlh5Ta4gR2VQfFKDl-YE,OPERATIONAL,The Speak Easy,[],"[['07:00', '14:00'], ['07:00', '14:00'], ['07:00', '14:00'], ['07:00', '14:00'], ['07:00', '14:00'], ['07:00', '14:00']]",14.0,7.0
277,Steak 'n Shake,3.0,1630.0,1.0,ChIJ73dGljlSa4gR-sn4jpRwNCw,OPERATIONAL,The Speak Easy,[],"[['10:00', '00:00'], ['10:00', '00:00'], ['10:00', '00:00'], ['10:00', '00:00'], ['10:00', '00:00'], ['10:00', '00:00'], ['10:00', '00:00']]",24.0,10.0
278,McDonald's,3.2,2040.0,1.0,ChIJwztt9zpSa4gRzK9YSEZFi8o,OPERATIONAL,The Speak Easy,"['cafe', 'store']","[['05:00', '00:00'], ['05:00', '00:00'], ['05:00', '00:00'], ['05:00', '00:00'], ['05:00', '02:00'], ['05:00', '02:00'], ['05:00', '02:00']]",24.857142857142858,5.0
279,Starbucks,4.5,255.0,2.0,ChIJ1VBVbutTa4gReSWbF1OcTtA,OPERATIONAL,The Speak Easy,"['cafe', 'store']","[['06:00', '18:00'], ['05:30', '20:30'], ['05:30', '20:30'], ['05:30', '20:30'], ['05:30', '20:30'], ['06:00', '20:30']]",20.083333333333332,5.666666666666667
280,Meridian Restaurant & Bar,4.5,365.0,3.0,ChIJA56O0JRTa4gRK5QMs909OlA,OPERATIONAL,The Speak Easy,['bar'],"[['16:00', '21:00'], ['11:00', '14:30'], ['16:00', '21:30'], ['11:00', '14:30'], ['16:00', '21:30'], ['11:00', '14:30'], ['16:00', '21:30'], ['11:00', '14:30'], ['16:00', '21:30'], ['11:00', '14:30'], ['16:00', '22:30'], ['16:00', '22:30']]",18.708333333333332,13.916666666666666
281,Byrne's Grilled Pizza,4.2,247.0,2.0,ChIJaeKi6cFTa4gRzCgBToiJxWc,OPERATIONAL,The Speak Easy,[],"[['11:00', '21:00'], ['11:00', '21:00'], ['11:00', '21:00'], ['11:00', '21:00'], ['11:00', '22:00'], ['11:00', '22:00']]",21.333333333333332,11.0
282,Illinois Street Food Emporium,4.6,344.0,2.0,ChIJZ1PggetTa4gRQexXuIZFidM,OPERATIONAL,The Speak Easy,"['bakery', 'store']","[['07:00', '15:00'], ['07:00', '17:00'], ['07:00', '17:00'], ['07:00', '17:00'], ['07:00', '17:00'], ['07:00', '15:00']]",16.333333333333332,7.0
283,GetGo Café + Market,2.9,21.0,1.5714285714285714,ChIJC8V1UzpSa4gROS7VPsQ2Sak,OPERATIONAL,The Speak Easy,"['gas_station', 'convenience_store', 'store']","[['06:00', '22:00'], ['06:00', '22:00'], ['06:00', '22:00'], ['06:00', '22:00'], ['06:00', '22:00'], ['06:00', '22:00'], ['06:00', '22:00']]",22.0,6.0
284,Wendy's,3.1,974.0,1.0,ChIJF5JmWDhSa4gRQUmA9R011hk,OPERATIONAL,The Speak Easy,[],"[['06:30', '23:00'], ['06:30', '23:00'], ['06:30', '23:00'], ['06:30', '23:00'], ['06:30', '23:00'], ['06:30', '23:00'], ['06:30', '23:00']]",23.0,6.5
285,Donut Shop,4.5,712.0,1.0,ChIJGeXE9ThSa4gRGIL9rBc8aB8,OPERATIONAL,The Speak Easy,"['bakery', 'store']","[['06:00', '15:00'], ['06:00', '15:00'], ['06:00', '15:00'], ['06:00', '16:00'], ['06:00', '15:00']]",15.2,6.0
286,Keystone Sports Review (KSR),4.3,825.0,1.0,ChIJ4zC1h0dSa4gRZE-AiF0wpPM,OPERATIONAL,The Speak Easy,['bar'],"[['12:00', '23:00'], ['11:00', '23:00'], ['11:00', '23:00'], ['11:00', '23:00'], ['11:00', '23:00'], ['11:00', '00:00'], ['11:00', '00:00']]",23.285714285714285,11.142857142857142
287,Subway,4.0,225.0,1.0,ChIJocdP9ThSa4gR9rhTlhscP8M,OPERATIONAL,The Speak Easy,[],"[['09:00', '21:00'], ['09:00', '21:00'], ['09:00', '21:00'], ['09:00', '21:00'], ['09:00', '21:00'], ['09:00', '21:00'], ['09:00', '21:00']]",21.0,9.0
288,Great Wall,4.3,12.0,1.5714285714285714,ChIJESlyIYNTa4gR7_7I366-T7I,OPERATIONAL,The Speak Easy,[],"[['11:00', '22:00'], ['10:30', '22:00'], ['10:30', '22:00'], ['10:30', '22:00'], ['10:30', '22:00'], ['10:30', '22:30'], ['10:30', '22:30']]",22.142857142857142,10.571428571428571
289,Elena Ruz,4.4,65.0,1.5714285714285714,ChIJQXxCByZSa4gRXMiGSi78c64,OPERATIONAL,The Speak Easy,[],"[['11:00', '18:00'], ['16:00', '21:00'], ['16:00', '21:00'], ['16:00', '21:00'], ['16:00', '21:00'], ['12:00', '22:00']]",20.666666666666668,14.5
290,Mousetrap,4.5,1155.0,1.0,ChIJ-Q3bhjhSa4gR5BpSSVd1fXk,OPERATIONAL,The Speak Easy,['bar'],"[['11:00', '21:00'], ['11:00', '21:00'], ['11:00', '21:00'], ['11:00', '21:00'], ['11:00', '21:00'], ['11:00', '21:00'], ['11:00', '21:00']]",21.0,11.0
291,Faith Corporation,4.366666666666667,515.1929824561404,1.5714285714285714,ChIJGRebBz1Ra4gRm8f2kUWJlPk,OPERATIONAL,The Speak Easy,[],"[['10:30', '16:30'], ['10:30', '16:30'], ['10:30', '16:30'], ['10:30', '16:30'], ['10:30', '16:30']]",16.5,10.5
292,Pacos taqueria,4.2,1360.0,1.0,ChIJjzGHrydSa4gRFfVOlfdufmM,OPERATIONAL,The Speak Easy,[],"[['09:00', '22:00'], ['09:00', '22:00'], ['09:00', '22:00'], ['09:00', '22:00'], ['09:00', '22:00'], ['09:00', '22:00'], ['09:00', '22:00']]",22.0,9.0
293,The Round Table Bar and Grill,4.6,105.0,1.5714285714285714,ChIJ17sZBtNRa4gRnBdT9VBGT7U,OPERATIONAL,The Speak Easy,['bar'],"[['11:00', '15:00'], ['11:00', '15:00'], ['11:00', '15:00'], ['20:00', '02:00'], ['20:00', '02:00']]",19.4,14.6
294,R&R Extreme Wings,4.4,873.0,1.0,ChIJT6mADydSa4gRgIHg9RIze2M,OPERATIONAL,The Speak Easy,[],"[['11:00', '21:00'], ['11:00', '21:00'], ['11:00', '21:00'], ['11:00', '21:00'], ['11:00', '21:00'], ['12:00', '21:00']]",21.0,11.166666666666666
295,Thai Cafe,4.3,249.0,2.0,ChIJW5_Nla5Ta4gR6bzdCyJv9Ks,OPERATIONAL,The Speak Easy,[],"[['15:00', '21:00'], ['11:00', '21:00'], ['11:00', '21:00'], ['11:00', '21:00'], ['11:00', '21:00'], ['11:00', '21:00']]",21.0,11.666666666666666
296,Shalimar Indian Restaurant,4.1,352.0,2.0,ChIJfQuIva5Ta4gRGB0qiIE6NqI,OPERATIONAL,The Speak Easy,[],"[['11:00', '21:30'], ['11:00', '14:30'], ['17:00', '22:00'], ['11:00', '14:30'], ['17:00', '22:00'], ['11:00', '14:30'], ['17:00', '22:00'], ['11:00', '14:30'], ['17:00', '22:00'], ['11:00', '14:30'], ['17:00', '22:00'], ['11:00', '22:00']]",18.833333333333332,13.5
297,Real Slab Masterz,5.0,1.0,1.5714285714285714,ChIJ2VHS-qVTa4gR0Mu3dz4D96o,OPERATIONAL,The Speak Easy,[],"[['none', 'none'], ['none', 'none'], ['none', 'none'], ['none', 'none'], ['none', 'none'], ['none', 'none'], ['none', 'none']]",20.825205254515602,11.507471264367815
298,Penn Station East Coast Subs,4.0,301.0,2.0,ChIJv8UpIKxTa4gRy1xT1_V8dso,OPERATIONAL,The Speak Easy,[],"[['11:00', '20:00'], ['10:30', '21:00'], ['10:30', '21:00'], ['10:30', '21:00'], ['10:30', '21:00'], ['10:30', '21:00'], ['10:30', '21:00']]",20.857142857142858,10.571428571428571
299,Biscuits,4.4,950.0,1.0,ChIJF5Vjlq5Ta4gR4tdrKWatbCw,OPERATIONAL,The Speak Easy,[],"[['07:00', '15:00'], ['07:00', '21:00'], ['07:00', '21:00'], ['07:00', '21:00'], ['07:00', '21:00'], ['07:00', '21:00'], ['07:00', '21:00']]",20.142857142857142,7.0
300,Salty Cowboy,4.4,659.0,2.0,ChIJmXopXWNVE4gR4HbiZobaL-Y,OPERATIONAL,zWORKS,['bar'],"[['16:00', '21:00'], ['16:00', '22:00'], ['16:00', '22:00'], ['16:00', '22:00'], ['16:00', '22:00'], ['16:00', '22:00']]",21.833333333333332,16.0
301,Noah Grant's Grill House & Oyster Bar,4.6,433.0,3.0,ChIJn1RgvGRVE4gR8pngjq1_GBc,OPERATIONAL,zWORKS,[],"[['16:00', '21:00'], ['16:00', '22:00'], ['16:00', '22:00'], ['16:00', '22:00'], ['16:00', '22:00'], ['16:00', '22:00']]",21.833333333333332,16.0
302,Rosie's Place,4.6,718.0,2.0,ChIJv_qJrmRVE4gRwFZ4VS8jTJM,OPERATIONAL,zWORKS,"['bakery', 'store']","[['08:00', '14:00'], ['07:00', '15:00'], ['07:00', '15:00'], ['07:00', '15:00'], ['07:00', '15:00'], ['07:00', '15:00'], ['08:00', '14:00']]",14.714285714285714,7.285714285714286
303,Convivio Italian Artisan Cuisine - Zionsville,4.7,289.0,2.0,ChIJBWYnpWRVE4gRW0endhOg3CU,OPERATIONAL,zWORKS,[],"[['17:00', '21:00'], ['17:00', '21:00'], ['17:00', '21:00'], ['17:00', '21:00'], ['17:00', '22:00'], ['17:00', '22:00']]",21.333333333333332,17.0
304,Greek's Pizzeria Zionsville,4.3,243.0,2.0,ChIJu6LwrWRVE4gRN1I4Ku-6C44,OPERATIONAL,zWORKS,[],"[['11:00', '21:00'], ['11:00', '21:00'], ['11:00', '21:00'], ['11:00', '21:00'], ['11:00', '21:00'], ['11:00', '22:00'], ['11:00', '22:00']]",21.285714285714285,11.0
305,"Curvus - Black Acre Rotisserie, Taproom, and Bourbon Bar",4.183050847457628,340.33898305084745,1.5833333333333333,ChIJReS9nURVE4gRg2R2czz0jhc,OPERATIONAL,zWORKS,[],"[['none', 'none'], ['none', 'none'], ['none', 'none'], ['none', 'none'], ['none', 'none'], ['none', 'none'], ['none', 'none']]",20.59762888626525,10.003331365604092
306,AUBERGE,4.5,167.0,1.5833333333333333,ChIJQxqpZmNVE4gRv6oTpH4Vzus,OPERATIONAL,zWORKS,[],"[['08:00', '14:00'], ['11:00', '14:00'], ['16:00', '21:00'], ['11:00', '14:00'], ['16:00', '21:00'], ['11:00', '14:00'], ['16:00', '21:00'], ['11:00', '14:00'], ['16:00', '22:00'], ['08:00', '14:00'], ['16:00', '22:00']]",17.363636363636363,12.727272727272727
307,Rush On Main,4.5,461.0,2.0,ChIJhyLjnmRVE4gRg0ruHY8TDeA,OPERATIONAL,zWORKS,['bar'],"[['12:00', '20:00'], ['11:00', '22:00'], ['11:00', '22:00'], ['11:00', '22:00'], ['11:00', '22:00'], ['11:00', '23:30'], ['11:00', '23:30']]",22.142857142857142,11.142857142857142
308,Cobblestone,4.6,398.0,2.0,ChIJg10IYmNVE4gRtWZlU5uyPIw,OPERATIONAL,zWORKS,[],"[['10:00', '14:30'], ['11:00', '14:00'], ['17:00', '21:30'], ['11:00', '14:00'], ['17:00', '21:30'], ['11:00', '14:00'], ['17:00', '21:30'], ['11:00', '21:30'], ['11:00', '22:30'], ['10:00', '22:30']]",18.75,12.6
309,The Lemon Bar,4.4,215.0,2.0,ChIJl7hvcmNVE4gRx7ISlvYxhG4,OPERATIONAL,zWORKS,[],"[['09:00', '15:00'], ['10:00', '15:00'], ['10:00', '15:00'], ['10:00', '15:00'], ['09:00', '15:00']]",15.0,9.6
310,Zionsville Pizzeria,4.4,186.0,1.0,ChIJ766toWNVE4gR93n5yaXMsCA,OPERATIONAL,zWORKS,[],"[['11:00', '21:00'], ['11:00', '21:00'], ['11:00', '21:00'], ['11:00', '21:00'], ['11:00', '21:00'], ['11:00', '21:00'], ['11:00', '21:00']]",21.0,11.0
311,The Friendly Tavern,4.7,1306.0,2.0,ChIJLSIZgWNVE4gRjOh-Gd-r7Lo,OPERATIONAL,zWORKS,['bar'],"[['11:00', '22:00'], ['11:00', '22:00'], ['11:00', '22:00'], ['11:00', '22:00'], ['11:00', '23:00'], ['11:00', '23:00']]",22.333333333333332,11.0
312,The Scoop,4.6,261.0,2.0,ChIJ-QuKg2NVE4gRU69mL-Fc_5U,OPERATIONAL,zWORKS,"['cafe', 'bar', 'store']","[['11:00', '21:00'], ['00:00', '21:00'], ['00:00', '21:00'], ['00:00', '21:00'], ['00:00', '21:00'], ['00:00', '22:00'], ['10:00', '22:00']]",21.285714285714285,3.0
313,Dairy Queen Grill & Chill,3.5,318.0,1.0,ChIJkVsod2RVE4gRxX7qeaTIcb4,OPERATIONAL,zWORKS,['store'],"[['11:00', '21:00'], ['10:30', '21:00'], ['10:30', '21:00'], ['10:30', '21:00'], ['10:30', '21:00'], ['10:30', '21:00'], ['10:30', '21:00']]",21.0,10.571428571428571
314,Bub's Burgers and Ice Cream,4.4,915.0,2.0,ChIJ551QQGFVE4gRp37PUgLgxDE,OPERATIONAL,zWORKS,['store'],"[['11:00', '21:00'], ['11:00', '21:00'], ['11:00', '21:00'], ['11:00', '21:00'], ['11:00', '21:00'], ['11:00', '21:00']]",21.0,11.0
315,Sub 16,4.7,134.0,1.0,ChIJP_Pc4WNVE4gR2kIdc60ZW9o,OPERATIONAL,zWORKS,[],"[['11:00', '16:00'], ['10:00', '20:00'], ['10:00', '20:00'], ['10:00', '20:00'], ['10:00', '20:00'], ['10:00', '20:00'], ['10:00', '20:00']]",19.428571428571427,10.142857142857142
316,McDonald's,3.5,393.0,1.0,ChIJf09K5WxVE4gR6YILunAyjd4,OPERATIONAL,zWORKS,"['cafe', 'store']","[['06:00', '22:00'], ['05:30', '22:00'], ['05:30', '22:00'], ['05:30', '22:00'], ['05:30', '22:00'], ['05:30', '22:00'], ['05:30', '22:00']]",22.0,5.571428571428571
317,Starbucks,4.2,158.0,2.0,ChIJQ1S1GG1VE4gRd6vC5H0ZQuI,OPERATIONAL,zWORKS,"['cafe', 'store']","[['06:00', '20:00'], ['05:30', '20:00'], ['05:30', '20:00'], ['05:30', '20:00'], ['05:30', '20:00'], ['05:30', '20:00'], ['06:00', '20:00']]",20.0,5.642857142857143
318,Rice Cooker,4.3,228.0,1.0,ChIJbX091RJVE4gR6Z7uQabN8DQ,OPERATIONAL,zWORKS,[],"[['11:00', '21:30'], ['11:00', '21:30'], ['11:00', '21:30'], ['11:00', '21:30'], ['11:00', '22:00'], ['11:00', '22:00']]",21.666666666666668,11.0
319,Papa John's Pizza,2.8,90.0,1.0,ChIJZdtlJm1VE4gRzunHGnvubH4,OPERATIONAL,zWORKS,[],"[['09:30', '22:00'], ['09:30', '22:00'], ['09:30', '22:00'], ['09:30', '22:00'], ['09:30', '22:00'], ['09:30', '00:00'], ['09:30', '00:00']]",22.571428571428573,9.5
320,Amore Pizzeria & Ristorante,4.6,359.0,1.0,ChIJN0nI4BJVE4gRWIydryFpm3E,OPERATIONAL,zWORKS,['store'],"[['11:00', '20:00'], ['11:00', '20:00'], ['11:00', '20:00'], ['11:00', '20:00'], ['11:00', '20:00'], ['11:00', '20:00']]",20.0,11.0
321,Subway,4.3,63.0,1.0,ChIJcb3J4BJVE4gRo4o-sRlIYIM,OPERATIONAL,zWORKS,[],"[['10:00', '20:00'], ['08:00', '21:00'], ['08:00', '21:00'], ['08:00', '21:00'], ['08:00', '21:00'], ['08:00', '21:00'], ['09:00', '21:00']]",20.857142857142858,8.428571428571429
322,Papa Murphy's | Take 'N' Bake Pizza,4.5,33.0,1.0,ChIJgQm14BJVE4gRxS4P_DenCig,OPERATIONAL,zWORKS,[],"[['11:00', '20:00'], ['11:00', '20:00'], ['11:00', '20:00'], ['11:00', '20:00'], ['11:00', '20:00'], ['11:00', '21:00'], ['11:00', '21:00']]",20.285714285714285,11.0
323,El Meson Mexican Restaurant,3.6,18.0,1.0,ChIJ0wn7jzdVE4gRs4Uu9timlKc,OPERATIONAL,zWORKS,[],"[['11:00', '22:00'], ['11:00', '22:00'], ['11:00', '22:00'], ['11:00', '22:00'], ['11:00', '22:00'], ['11:00', '22:30'], ['11:00', '22:30']]",22.142857142857142,11.0
324,Books & Brews - Zionsville,4.6,191.0,2.0,ChIJi9aDlxJVE4gR1hVOPBFdEBs,OPERATIONAL,zWORKS,['bar'],"[['12:00', '20:00'], ['15:00', '22:00'], ['15:00', '22:00'], ['15:00', '22:00'], ['15:00', '22:00'], ['11:00', '00:00'], ['11:00', '00:00']]",22.285714285714285,13.428571428571429
325,Happy Kitchen & Sushi Bar,4.2,164.0,2.0,ChIJd-tH5xJVE4gRg2uX5TEObbI,OPERATIONAL,zWORKS,[],"[['12:00', '21:00'], ['11:30', '21:00'], ['11:30', '21:00'], ['11:30', '21:00'], ['11:30', '21:00'], ['11:30', '22:00'], ['11:30', '22:00']]",21.285714285714285,11.571428571428571
326,Live Healthy Be Happy Nutrition,5.0,2.0,1.5833333333333333,ChIJW0Opm7RVE4gR4C1s937_KFA,OPERATIONAL,zWORKS,['cafe'],"[['07:00', '18:00'], ['07:00', '18:00'], ['07:00', '18:00'], ['07:00', '18:00'], ['07:00', '18:00'], ['09:00', '15:00']]",17.5,7.333333333333333
327,Domino's Pizza,2.6,134.0,1.0,ChIJNRaTUhJVE4gR2sRJMdC6Xl8,OPERATIONAL,zWORKS,['meal_delivery'],"[['10:30', '21:00'], ['10:30', '21:00'], ['10:30', '21:00'], ['10:30', '21:00'], ['10:30', '21:00'], ['10:30', '21:00'], ['10:30', '21:00']]",21.0,10.5
328,The Back Room / Grey Market Wine,5.0,1.0,1.5833333333333333,ChIJ0wy_z5eqFIgREEKVlvaq4OQ,OPERATIONAL,zWORKS,['bar'],"[['none', 'none'], ['none', 'none'], ['none', 'none'], ['none', 'none'], ['none', 'none'], ['none', 'none'], ['none', 'none']]",20.59762888626525,10.003331365604092
329,Oobatz Restaurant,2.7,3.0,1.5833333333333333,ChIJhZhgnRFVE4gRUF1yqdl7Th4,OPERATIONAL,zWORKS,[],"[['00:00', 'none']]",30.0,0.0
330,Moe's Southwest Grill,4.2,294.0,1.0,ChIJ8e4guZOqFIgRDjxWS_dq0VE,OPERATIONAL,zWORKS,[],"[['11:00', '20:00'], ['11:00', '20:00'], ['11:00', '20:00'], ['11:00', '20:00'], ['11:00', '20:00'], ['11:00', '21:00'], ['11:00', '21:00']]",20.285714285714285,11.0
331,EL TORO OF ZIONSVILLE,4.3,422.0,2.0,ChIJXRL0mhFVE4gR-hvz39HVXmE,OPERATIONAL,zWORKS,[],"[['11:00', '21:00'], ['11:00', '22:00'], ['11:00', '22:00'], ['11:00', '22:00'], ['11:00', '22:00'], ['11:00', '22:30'], ['11:00', '22:30']]",22.0,11.0
332,Stone Creek Dining Company - Zionsville,4.5,725.0,3.0,ChIJlXtM6uyqFIgRRxt7yCgOtt4,OPERATIONAL,zWORKS,[],"[['11:00', '20:00'], ['11:00', '21:00'], ['11:00', '21:00'], ['11:00', '21:00'], ['11:00', '21:00'], ['11:00', '22:00'], ['11:00', '22:00']]",21.142857142857142,11.0
333,HotBox Pizza,4.1,112.0,1.0,ChIJJVy1Z5OqFIgRJW_VVcOc0e8,OPERATIONAL,zWORKS,[],"[['11:00', '22:00'], ['11:00', '22:00'], ['11:00', '22:00'], ['11:00', '22:00'], ['11:00', '22:00'], ['11:00', '23:00'], ['11:00', '23:00']]",22.285714285714285,11.0
334,Le Peep West Carmel,4.0,120.0,2.0,ChIJmzYKaFirFIgRQ4Pd4fYzP9k,OPERATIONAL,zWORKS,[],"[['07:30', '15:00'], ['07:00', '15:00'], ['07:00', '15:00'], ['07:00', '15:00'], ['07:00', '15:00'], ['07:30', '15:00']]",15.0,7.166666666666667
335,Zionsville Nutrition Hub,5.0,3.0,1.5833333333333333,ChIJbbVONd6rFIgRhX2GlBVldgg,OPERATIONAL,zWORKS,[],"[['10:00', '15:00'], ['07:00', '18:00'], ['07:00', '18:00'], ['07:00', '18:00'], ['07:00', '18:00'], ['07:00', '18:00'], ['08:00', '15:00']]",17.142857142857142,7.571428571428571
336,Homemade Ice Cream & Bakery Café,4.1,36.0,1.5833333333333333,ChIJ20K7GhyrFIgRRQCg9poZe_Q,OPERATIONAL,zWORKS,[],"[['11:00', '21:00'], ['10:00', '21:00'], ['10:00', '21:00'], ['10:00', '21:00'], ['10:00', '21:00'], ['10:00', '22:00'], ['10:00', '22:00']]",21.285714285714285,10.142857142857142
337,Jersey Mike's Subs,4.3,269.0,1.0,ChIJoYEIJJWqFIgR1P0WC_Cae9w,OPERATIONAL,zWORKS,['store'],"[['10:00', '21:00'], ['10:00', '21:00'], ['10:00', '21:00'], ['10:00', '21:00'], ['10:00', '21:00'], ['10:00', '21:00'], ['10:00', '21:00']]",21.0,10.0
338,Donatos Pizza,3.7,116.0,2.0,ChIJ779kduqqFIgRv7eLoJvFagY,OPERATIONAL,zWORKS,[],"[['11:00', '21:00'], ['15:00', '21:00'], ['15:00', '21:00'], ['11:00', '21:00'], ['11:00', '21:00'], ['11:00', '00:00'], ['11:00', '00:00']]",21.857142857142858,12.142857142857142
339,El Rodeo,4.3,623.0,2.0,ChIJvxvj_umqFIgRt2fIKEMOnjM,OPERATIONAL,zWORKS,[],"[['11:00', '21:00'], ['11:00', '22:00'], ['11:00', '22:00'], ['11:00', '22:00'], ['11:00', '22:00'], ['11:00', '22:30'], ['11:00', '22:30']]",22.0,11.0
340,Asian Kitchen & Sushi Bar,4.5,133.0,1.5833333333333333,ChIJNTBEkeqqFIgRz0f-_bZAy0c,OPERATIONAL,zWORKS,[],"[['12:00', '21:00'], ['11:00', '21:00'], ['11:00', '21:00'], ['11:00', '21:00'], ['11:00', '21:30'], ['11:00', '21:30']]",21.166666666666668,11.166666666666666
341,Subway,3.8,57.0,1.0,ChIJvxvj_umqFIgRbzS2FgbMThg,OPERATIONAL,zWORKS,[],"[['09:30', '20:30'], ['07:30', '20:30'], ['08:30', '20:30'], ['08:30', '20:30'], ['08:30', '20:30'], ['08:30', '20:30'], ['08:30', '20:30']]",20.5,8.5
342,Wendy's,3.2,483.0,1.0,ChIJj0wH_b-qFIgRAJcABs7CU9U,OPERATIONAL,zWORKS,[],"[['06:30', '22:00'], ['06:30', '22:00'], ['06:30', '22:00'], ['06:30', '22:00'], ['06:30', '22:00'], ['06:30', '22:00'], ['06:30', '22:00']]",22.0,6.5
343,Which Wich Superior Sandwiches,4.0,68.0,1.0,ChIJLc0yLRyrFIgRRg6VoyMG7fM,OPERATIONAL,zWORKS,[],"[['11:00', '19:00'], ['11:00', '19:00'], ['11:00', '19:00'], ['11:00', '19:00'], ['11:00', '19:00'], ['11:00', '19:00'], ['11:00', '19:00']]",19.0,11.0
344,KFC,3.0,290.0,1.0,ChIJzwju-b-qFIgRDifN5iDF2Zw,CLOSED_TEMPORARILY,zWORKS,[],"[['none', 'none'], ['none', 'none'], ['none', 'none'], ['none', 'none'], ['none', 'none'], ['none', 'none'], ['none', 'none']]",20.59762888626525,10.003331365604092
345,Prodigy Burger Bar,3.9,52.0,1.0,ChIJw1xQTe2rFIgR9WeZSOzMcY4,OPERATIONAL,zWORKS,[],"[['11:00', '21:00'], ['11:00', '21:00'], ['11:00', '21:00'], ['11:00', '21:00'], ['11:00', '21:00'], ['11:00', '22:00'], ['11:00', '22:00']]",21.285714285714285,11.0
346,Roselli's - A Chicago Pizzeria,4.4,750.0,2.0,ChIJez_BPsCqFIgRwOjwWTSTWuY,OPERATIONAL,zWORKS,[],"[['12:00', '21:00'], ['10:30', '21:00'], ['10:30', '21:00'], ['10:30', '21:00'], ['10:30', '21:00'], ['10:30', '22:00'], ['11:00', '22:00']]",21.285714285714285,10.785714285714286
347,Kolache Factory,4.1,75.0,1.0,ChIJxZQYsvKrFIgRcUQNZJB3tJs,OPERATIONAL,zWORKS,"['bakery', 'cafe', 'store']","[['07:00', '14:00'], ['06:00', '14:00'], ['06:00', '14:00'], ['06:00', '14:00'], ['06:00', '14:00'], ['06:00', '14:00'], ['06:00', '14:00']]",14.0,6.142857142857143
348,Starbucks,4.3,356.0,2.0,ChIJKVGunMCqFIgRq1IJcctLlMY,OPERATIONAL,zWORKS,"['cafe', 'store']","[['06:00', '19:00'], ['06:00', '19:00'], ['06:00', '19:00'], ['06:00', '19:00'], ['06:00', '19:00'], ['06:00', '19:00'], ['06:00', '19:00']]",19.0,6.0
349,Mobil,4.3,31.0,1.5833333333333333,ChIJ_Z5aj4arFIgRi9iXwWMb7SQ,OPERATIONAL,zWORKS,"['gas_station', 'store']","[['08:00', '17:00'], ['05:30', '21:00'], ['05:30', '21:00'], ['05:30', '21:00'], ['05:30', '21:00'], ['05:30', '21:00'], ['07:00', '21:00']]",20.428571428571427,6.071428571428571
350,Palm Deli,4.8,21.0,1.5833333333333333,ChIJES1vXzKrFIgRtNkMSkoeS3A,OPERATIONAL,zWORKS,[],"[['08:00', '21:00'], ['05:30', '21:00'], ['05:30', '21:00'], ['05:30', '21:00'], ['05:30', '21:00'], ['05:30', '21:00'], ['07:00', '21:00']]",21.0,6.071428571428571
351,Hino Oishi,4.5,508.0,2.0,ChIJ8_xSUsCqFIgRID1n4Vjc58o,OPERATIONAL,zWORKS,[],"[['11:00', '21:00'], ['11:00', '21:00'], ['11:00', '21:00'], ['11:00', '21:00'], ['11:00', '21:00'], ['11:00', '22:00'], ['11:00', '22:00']]",21.285714285714285,11.0
352,Chuy's,4.2,827.0,2.0,ChIJQ56XiK6rFIgRH_P9NPFeQ7k,OPERATIONAL,zWORKS,[],"[['11:00', '21:00'], ['11:00', '21:00'], ['11:00', '21:00'], ['11:00', '21:00'], ['11:00', '21:00'], ['11:00', '22:00'], ['11:00', '22:00']]",21.285714285714285,11.0
353,Outback Steakhouse,4.0,1303.0,2.0,ChIJIUbF2yhVa4gRs6AColr0Ex0,OPERATIONAL,zWORKS,['bar'],"[['11:00', '21:00'], ['11:00', '22:00'], ['11:00', '22:00'], ['11:00', '22:00'], ['11:00', '22:00'], ['11:00', '23:00'], ['11:00', '23:00']]",22.142857142857142,11.0
354,Olive Garden Italian Restaurant,4.3,1925.0,2.0,ChIJNQYiGseqFIgRgTdkVzKCm78,OPERATIONAL,zWORKS,['bar'],"[['11:00', '22:00'], ['11:00', '22:00'], ['11:00', '22:00'], ['11:00', '22:00'], ['11:00', '22:00'], ['11:00', '23:00'], ['11:00', '23:00']]",22.285714285714285,11.0
355,Red Robin Gourmet Burgers and Brews,3.9,1395.0,2.0,ChIJw3SPXMaqFIgRWm6082ecP3c,OPERATIONAL,zWORKS,[],"[['11:00', '22:00'], ['11:00', '22:00'], ['11:00', '22:00'], ['11:00', '22:00'], ['11:00', '22:00'], ['11:00', '23:00'], ['11:00', '17:00']]",21.428571428571427,11.0
356,Jimmy John's,3.6,120.0,1.0,ChIJFZN0bsaqFIgRpXWP2ZuSNM0,OPERATIONAL,zWORKS,['meal_delivery'],"[['10:30', '20:00'], ['10:30', '20:00'], ['10:30', '20:00'], ['10:30', '20:00'], ['10:30', '20:00'], ['10:30', '20:00'], ['10:30', '20:00']]",20.0,10.5
357,Thai Nine Restaurant,4.9,93.0,1.5833333333333333,ChIJd_M_xterFIgR4knsCLT6xK8,OPERATIONAL,zWORKS,[],"[['12:00', '21:00'], ['11:00', '15:30'], ['16:30', '21:00'], ['11:00', '15:30'], ['16:30', '21:00'], ['11:00', '15:30'], ['16:30', '21:00'], ['11:00', '15:30'], ['16:30', '21:00'], ['11:00', '15:30'], ['16:30', '22:00'], ['11:00', '22:00']]",18.875,13.375
358,Chin's Asia Fresh,4.4,26.0,1.5833333333333333,ChIJ0_VvFASrFIgRShMN0zHDOTQ,CLOSED_TEMPORARILY,zWORKS,[],"[['none', 'none'], ['none', 'none'], ['none', 'none'], ['none', 'none'], ['none', 'none'], ['none', 'none'], ['none', 'none']]",20.59762888626525,10.003331365604092
359,Burger King,3.4,307.0,1.0,ChIJBZG3AsaqFIgRMpfw_h4mEN4,CLOSED_TEMPORARILY,zWORKS,[],"[['none', 'none'], ['none', 'none'], ['none', 'none'], ['none', 'none'], ['none', 'none'], ['none', 'none'], ['none', 'none']]",20.59762888626525,10.003331365604092
